project_id,site,transect,survey_date,image_id,image_file,image_path,point_id,cpce_x,cpce_y,cpce_width,cpce_height,image_width,image_height,x_px,y_px,raw_code,raw_label,full_label,clean_label,label_class,major_category,ml_class,class_id,reviewer,notes,cpce_note_type,cpc_file,codefile_path,cpce_image_path,cpce_header_width,cpce_header_height,roi_x_min,roi_x_max,roi_y_min,roi_y_max,include_in_analysis,include_in_ml,color_hex
NA,Hole in the Wall,HIW_158_W_U-1,NA,HIW_158_W_U-1,HIW_158_W_U-1.jpg,/Users/ec/Documents/Data/PointCoralPackage/pointcoral/inst/extdata/HIW_158_W_U-1.jpg,1,982,567,45581.55,28658.92,3040,1912,65,38,SPO,SPO,Sponge,Sponge,subcategory,SPONGES (S),SPONGES (S),2,NA,NA,Notes,/Users/ec/Documents/Data/PointCoralPackage/pointcoral/inst/extdata/HIW_158_W_U-1.cpc,C:\PROGRA~1\CPCe36\SHALLO~1.TXT,E:\Trasects June 09\Deep Cres\Hole in the Wall\48 meters\HIW_158_W_U-1.jpg,45600,28680,0,45581.55,0,28658.92,TRUE,TRUE,#3399ff
NA,Hole in the Wall,HIW_158_W_U-1,NA,HIW_158_W_U-1,HIW_158_W_U-1.jpg,/Users/ec/Documents/Data/PointCoralPackage/pointcoral/inst/extdata/HIW_158_W_U-1.jpg,2,351,5422,45581.55,28658.92,3040,1912,23,362,S,S,Sand,Sand,subcategory,"SAND, PAVEMENT, RUBBLE (SPR)","SAND, PAVEMENT, RUBBLE (SPR)",8,NA,NA,Notes,/Users/ec/Documents/Data/PointCoralPackage/pointcoral/inst/extdata/HIW_158_W_U-1.cpc,C:\PROGRA~1\CPCe36\SHALLO~1.TXT,E:\Trasects June 09\Deep Cres\Hole in the Wall\48 meters\HIW_158_W_U-1.jpg,45600,28680,0,45581.55,0,28658.92,TRUE,TRUE,#d8c28a
NA,Hole in the Wall,HIW_158_W_U-1,NA,HIW_158_W_U-1,HIW_158_W_U-1.jpg,/Users/ec/Documents/Data/PointCoralPackage/pointcoral/inst/extdata/HIW_158_W_U-1.jpg,3,1336,8356,45581.55,28658.92,3040,1912,89,557,CALG,CALG,Coralline algae,Coralline algae,subcategory,CORALLINE ALGAE (CA),CORALLINE ALGAE (CA),7,NA,NA,Notes,/Users/ec/Documents/Data/PointCoralPackage/pointcoral/inst/extdata/HIW_158_W_U-1.cpc,C:\PROGRA~1\CPCe36\SHALLO~1.TXT,E:\Trasects June 09\Deep Cres\Hole in the Wall\48 meters\HIW_158_W_U-1.jpg,45600,28680,0,45581.55,0,28658.92,TRUE,TRUE,#8b0000
NA,Hole in the Wall,HIW_158_W_U-1,NA,HIW_158_W_U-1,HIW_158_W_U-1.jpg,/Users/ec/Documents/Data/PointCoralPackage/pointcoral/inst/extdata/HIW_158_W_U-1.jpg,4,3497,10228,45581.55,28658.92,3040,1912,233,682,SPO,SPO,Sponge,Sponge,subcategory,SPONGES (S),SPONGES (S),2,NA,NA,Notes,/Users/ec/Documents/Data/PointCoralPackage/pointcoral/inst/extdata/HIW_158_W_U-1.cpc,C:\PROGRA~1\CPCe36\SHALLO~1.TXT,E:\Trasects June 09\Deep Cres\Hole in the Wall\48 meters\HIW_158_W_U-1.jpg,45600,28680,0,45581.55,0,28658.92,TRUE,TRUE,#3399ff
NA,Hole in the Wall,HIW_158_W_U-1,NA,HIW_158_W_U-1,HIW_158_W_U-1.jpg,/Users/ec/Documents/Data/PointCoralPackage/pointcoral/inst/extdata/HIW_158_W_U-1.jpg,5,1292,12293,45581.55,28658.92,3040,1912,86,820,SPO,SPO,Sponge,Sponge,subcategory,SPONGES (S),SPONGES (S),2,NA,NA,Notes,/Users/ec/Documents/Data/PointCoralPackage/pointcoral/inst/extdata/HIW_158_W_U-1.cpc,C:\PROGRA~1\CPCe36\SHALLO~1.TXT,E:\Trasects June 09\Deep Cres\Hole in the Wall\48 meters\HIW_158_W_U-1.jpg,45600,28680,0,45581.55,0,28658.92,TRUE,TRUE,#3399ff
NA,Hole in the Wall,HIW_158_W_U-1,NA,HIW_158_W_U-1,HIW_158_W_U-1.jpg,/Users/ec/Documents/Data/PointCoralPackage/pointcoral/inst/extdata/HIW_158_W_U-1.jpg,6,2156,15436,45581.55,28658.92,3040,1912,144,1030,SPO,SPO,Sponge,Sponge,subcategory,SPONGES (S),SPONGES (S),2,NA,NA,Notes,/Users/ec/Documents/Data/PointCoralPackage/pointcoral/inst/extdata/HIW_158_W_U-1.cpc,C:\PROGRA~1\CPCe36\SHALLO~1.TXT,E:\Trasects June 09\Deep Cres\Hole in the Wall\48 meters\HIW_158_W_U-1.jpg,45600,28680,0,45581.55,0,28658.92,TRUE,TRUE,#3399ff
NA,Hole in the Wall,HIW_158_W_U-1,NA,HIW_158_W_U-1,HIW_158_W_U-1.jpg,/Users/ec/Documents/Data/PointCoralPackage/pointcoral/inst/extdata/HIW_158_W_U-1.jpg,7,119,18377,45581.55,28658.92,3040,1912,8,1226,PEYS,PEYS,Peyssonnelia,Peyssonnelia,subcategory,PEYSSONNELIACEAE,PEYSSONNELIACEAE,5,NA,NA,Notes,/Users/ec/Documents/Data/PointCoralPackage/pointcoral/inst/extdata/HIW_158_W_U-1.cpc,C:\PROGRA~1\CPCe36\SHALLO~1.TXT,E:\Trasects June 09\Deep Cres\Hole in the Wall\48 meters\HIW_158_W_U-1.jpg,45600,28680,0,45581.55,0,28658.92,TRUE,TRUE,#cc3366
NA,Hole in the Wall,HIW_158_W_U-1,NA,HIW_158_W_U-1,HIW_158_W_U-1.jpg,/Users/ec/Documents/Data/PointCoralPackage/pointcoral/inst/extdata/HIW_158_W_U-1.jpg,8,3748,22870,45581.55,28658.92,3040,1912,250,1526,CALG,CALG,Coralline algae,Coralline algae,subcategory,CORALLINE ALGAE (CA),CORALLINE ALGAE (CA),7,NA,NA,Notes,/Users/ec/Documents/Data/PointCoralPackage/pointcoral/inst/extdata/HIW_158_W_U-1.cpc,C:\PROGRA~1\CPCe36\SHALLO~1.TXT,E:\Trasects June 09\Deep Cres\Hole in the Wall\48 meters\HIW_158_W_U-1.jpg,45600,28680,0,45581.55,0,28658.92,TRUE,TRUE,#8b0000
NA,Hole in the Wall,HIW_158_W_U-1,NA,HIW_158_W_U-1,HIW_158_W_U-1.jpg,/Users/ec/Documents/Data/PointCoralPackage/pointcoral/inst/extdata/HIW_158_W_U-1.jpg,9,2157,23734,45581.55,28658.92,3040,1912,144,1583,SPO,SPO,Sponge,Sponge,subcategory,SPONGES (S),SPONGES (S),2,NA,NA,Notes,/Users/ec/Documents/Data/PointCoralPackage/pointcoral/inst/extdata/HIW_158_W_U-1.cpc,C:\PROGRA~1\CPCe36\SHALLO~1.TXT,E:\Trasects June 09\Deep Cres\Hole in the Wall\48 meters\HIW_158_W_U-1.jpg,45600,28680,0,45581.55,0,28658.92,TRUE,TRUE,#3399ff
NA,Hole in the Wall,HIW_158_W_U-1,NA,HIW_158_W_U-1,HIW_158_W_U-1.jpg,/Users/ec/Documents/Data/PointCoralPackage/pointcoral/inst/extdata/HIW_158_W_U-1.jpg,10,922,27389,45581.55,28658.92,3040,1912,61,1827,LOBO,LOBO,Lobophora variegata,Lobophora variegata,subcategory,MACROALGAE (MA),MACROALGAE (MA),4,NA,NA,Notes,/Users/ec/Documents/Data/PointCoralPackage/pointcoral/inst/extdata/HIW_158_W_U-1.cpc,C:\PROGRA~1\CPCe36\SHALLO~1.TXT,E:\Trasects June 09\Deep Cres\Hole in the Wall\48 meters\HIW_158_W_U-1.jpg,45600,28680,0,45581.55,0,28658.92,TRUE,TRUE,#33cc66
NA,Hole in the Wall,HIW_158_W_U-1,NA,HIW_158_W_U-1,HIW_158_W_U-1.jpg,/Users/ec/Documents/Data/PointCoralPackage/pointcoral/inst/extdata/HIW_158_W_U-1.jpg,11,6893,2428,45581.55,28658.92,3040,1912,460,162,LOBO,LOBO,Lobophora variegata,Lobophora variegata,subcategory,MACROALGAE (MA),MACROALGAE (MA),4,NA,NA,Notes,/Users/ec/Documents/Data/PointCoralPackage/pointcoral/inst/extdata/HIW_158_W_U-1.cpc,C:\PROGRA~1\CPCe36\SHALLO~1.TXT,E:\Trasects June 09\Deep Cres\Hole in the Wall\48 meters\HIW_158_W_U-1.jpg,45600,28680,0,45581.55,0,28658.92,TRUE,TRUE,#33cc66
NA,Hole in the Wall,HIW_158_W_U-1,NA,HIW_158_W_U-1,HIW_158_W_U-1.jpg,/Users/ec/Documents/Data/PointCoralPackage/pointcoral/inst/extdata/HIW_158_W_U-1.jpg,12,5954,5682,45581.55,28658.92,3040,1912,397,379,SPO,SPO,Sponge,Sponge,subcategory,SPONGES (S),SPONGES (S),2,NA,NA,Notes,/Users/ec/Documents/Data/PointCoralPackage/pointcoral/inst/extdata/HIW_158_W_U-1.cpc,C:\PROGRA~1\CPCe36\SHALLO~1.TXT,E:\Trasects June 09\Deep Cres\Hole in the Wall\48 meters\HIW_158_W_U-1.jpg,45600,28680,0,45581.55,0,28658.92,TRUE,TRUE,#3399ff
NA,Hole in the Wall,HIW_158_W_U-1,NA,HIW_158_W_U-1,HIW_158_W_U-1.jpg,/Users/ec/Documents/Data/PointCoralPackage/pointcoral/inst/extdata/HIW_158_W_U-1.jpg,13,5736,5838,45581.55,28658.92,3040,1912,383,389,SPO,SPO,Sponge,Sponge,subcategory,SPONGES (S),SPONGES (S),2,NA,NA,Notes,/Users/ec/Documents/Data/PointCoralPackage/pointcoral/inst/extdata/HIW_158_W_U-1.cpc,C:\PROGRA~1\CPCe36\SHALLO~1.TXT,E:\Trasects June 09\Deep Cres\Hole in the Wall\48 meters\HIW_158_W_U-1.jpg,45600,28680,0,45581.55,0,28658.92,TRUE,TRUE,#3399ff
NA,Hole in the Wall,HIW_158_W_U-1,NA,HIW_158_W_U-1,HIW_158_W_U-1.jpg,/Users/ec/Documents/Data/PointCoralPackage/pointcoral/inst/extdata/HIW_158_W_U-1.jpg,14,8810,8613,45581.55,28658.92,3040,1912,588,575,SPO,SPO,Sponge,Sponge,subcategory,SPONGES (S),SPONGES (S),2,NA,NA,Notes,/Users/ec/Documents/Data/PointCoralPackage/pointcoral/inst/extdata/HIW_158_W_U-1.cpc,C:\PROGRA~1\CPCe36\SHALLO~1.TXT,E:\Trasects June 09\Deep Cres\Hole in the Wall\48 meters\HIW_158_W_U-1.jpg,45600,28680,0,45581.55,0,28658.92,TRUE,TRUE,#3399ff
NA,Hole in the Wall,HIW_158_W_U-1,NA,HIW_158_W_U-1,HIW_158_W_U-1.jpg,/Users/ec/Documents/Data/PointCoralPackage/pointcoral/inst/extdata/HIW_158_W_U-1.jpg,15,4706,13491,45581.55,28658.92,3040,1912,314,900,SPO,SPO,Sponge,Sponge,subcategory,SPONGES (S),SPONGES (S),2,NA,NA,Notes,/Users/ec/Documents/Data/PointCoralPackage/pointcoral/inst/extdata/HIW_158_W_U-1.cpc,C:\PROGRA~1\CPCe36\SHALLO~1.TXT,E:\Trasects June 09\Deep Cres\Hole in the Wall\48 meters\HIW_158_W_U-1.jpg,45600,28680,0,45581.55,0,28658.92,TRUE,TRUE,#3399ff
NA,Hole in the Wall,HIW_158_W_U-1,NA,HIW_158_W_U-1,HIW_158_W_U-1.jpg,/Users/ec/Documents/Data/PointCoralPackage/pointcoral/inst/extdata/HIW_158_W_U-1.jpg,16,7166,16317,45581.55,28658.92,3040,1912,478,1089,CALG,CALG,Coralline algae,Coralline algae,subcategory,CORALLINE ALGAE (CA),CORALLINE ALGAE (CA),7,NA,NA,Notes,/Users/ec/Documents/Data/PointCoralPackage/pointcoral/inst/extdata/HIW_158_W_U-1.cpc,C:\PROGRA~1\CPCe36\SHALLO~1.TXT,E:\Trasects June 09\Deep Cres\Hole in the Wall\48 meters\HIW_158_W_U-1.jpg,45600,28680,0,45581.55,0,28658.92,TRUE,TRUE,#8b0000
NA,Hole in the Wall,HIW_158_W_U-1,NA,HIW_158_W_U-1,HIW_158_W_U-1.jpg,/Users/ec/Documents/Data/PointCoralPackage/pointcoral/inst/extdata/HIW_158_W_U-1.jpg,17,4866,18193,45581.55,28658.92,3040,1912,325,1214,SPO,SPO,Sponge,Sponge,subcategory,SPONGES (S),SPONGES (S),2,NA,NA,Notes,/Users/ec/Documents/Data/PointCoralPackage/pointcoral/inst/extdata/HIW_158_W_U-1.cpc,C:\PROGRA~1\CPCe36\SHALLO~1.TXT,E:\Trasects June 09\Deep Cres\Hole in the Wall\48 meters\HIW_158_W_U-1.jpg,45600,28680,0,45581.55,0,28658.92,TRUE,TRUE,#3399ff
NA,Hole in the Wall,HIW_158_W_U-1,NA,HIW_158_W_U-1,HIW_158_W_U-1.jpg,/Users/ec/Documents/Data/PointCoralPackage/pointcoral/inst/extdata/HIW_158_W_U-1.jpg,18,5670,22914,45581.55,28658.92,3040,1912,378,1529,PEFL,PEFL,Peyssonnelia flavescens,Peyssonnelia flavescens,subcategory,PEYSSONNELIACEAE,PEYSSONNELIACEAE,5,NA,NA,Notes,/Users/ec/Documents/Data/PointCoralPackage/pointcoral/inst/extdata/HIW_158_W_U-1.cpc,C:\PROGRA~1\CPCe36\SHALLO~1.TXT,E:\Trasects June 09\Deep Cres\Hole in the Wall\48 meters\HIW_158_W_U-1.jpg,45600,28680,0,45581.55,0,28658.92,TRUE,TRUE,#cc3366
NA,Hole in the Wall,HIW_158_W_U-1,NA,HIW_158_W_U-1,HIW_158_W_U-1.jpg,/Users/ec/Documents/Data/PointCoralPackage/pointcoral/inst/extdata/HIW_158_W_U-1.jpg,19,5546,23028,45581.55,28658.92,3040,1912,370,1536,PEFL,PEFL,Peyssonnelia flavescens,Peyssonnelia flavescens,subcategory,PEYSSONNELIACEAE,PEYSSONNELIACEAE,5,NA,NA,Notes,/Users/ec/Documents/Data/PointCoralPackage/pointcoral/inst/extdata/HIW_158_W_U-1.cpc,C:\PROGRA~1\CPCe36\SHALLO~1.TXT,E:\Trasects June 09\Deep Cres\Hole in the Wall\48 meters\HIW_158_W_U-1.jpg,45600,28680,0,45581.55,0,28658.92,TRUE,TRUE,#cc3366
NA,Hole in the Wall,HIW_158_W_U-1,NA,HIW_158_W_U-1,HIW_158_W_U-1.jpg,/Users/ec/Documents/Data/PointCoralPackage/pointcoral/inst/extdata/HIW_158_W_U-1.jpg,20,8511,26165,45581.55,28658.92,3040,1912,568,1746,PEFL,PEFL,Peyssonnelia flavescens,Peyssonnelia flavescens,subcategory,PEYSSONNELIACEAE,PEYSSONNELIACEAE,5,NA,NA,Notes,/Users/ec/Documents/Data/PointCoralPackage/pointcoral/inst/extdata/HIW_158_W_U-1.cpc,C:\PROGRA~1\CPCe36\SHALLO~1.TXT,E:\Trasects June 09\Deep Cres\Hole in the Wall\48 meters\HIW_158_W_U-1.jpg,45600,28680,0,45581.55,0,28658.92,TRUE,TRUE,#cc3366
NA,Hole in the Wall,HIW_158_W_U-1,NA,HIW_158_W_U-1,HIW_158_W_U-1.jpg,/Users/ec/Documents/Data/PointCoralPackage/pointcoral/inst/extdata/HIW_158_W_U-1.jpg,21,13251,1776,45581.55,28658.92,3040,1912,884,118,SPO,SPO,Sponge,Sponge,subcategory,SPONGES (S),SPONGES (S),2,NA,NA,Notes,/Users/ec/Documents/Data/PointCoralPackage/pointcoral/inst/extdata/HIW_158_W_U-1.cpc,C:\PROGRA~1\CPCe36\SHALLO~1.TXT,E:\Trasects June 09\Deep Cres\Hole in the Wall\48 meters\HIW_158_W_U-1.jpg,45600,28680,0,45581.55,0,28658.92,TRUE,TRUE,#3399ff
NA,Hole in the Wall,HIW_158_W_U-1,NA,HIW_158_W_U-1,HIW_158_W_U-1.jpg,/Users/ec/Documents/Data/PointCoralPackage/pointcoral/inst/extdata/HIW_158_W_U-1.jpg,22,13167,4522,45581.55,28658.92,3040,1912,878,302,CALG,CALG,Coralline algae,Coralline algae,subcategory,CORALLINE ALGAE (CA),CORALLINE ALGAE (CA),7,NA,NA,Notes,/Users/ec/Documents/Data/PointCoralPackage/pointcoral/inst/extdata/HIW_158_W_U-1.cpc,C:\PROGRA~1\CPCe36\SHALLO~1.TXT,E:\Trasects June 09\Deep Cres\Hole in the Wall\48 meters\HIW_158_W_U-1.jpg,45600,28680,0,45581.55,0,28658.92,TRUE,TRUE,#8b0000
NA,Hole in the Wall,HIW_158_W_U-1,NA,HIW_158_W_U-1,HIW_158_W_U-1.jpg,/Users/ec/Documents/Data/PointCoralPackage/pointcoral/inst/extdata/HIW_158_W_U-1.jpg,23,10891,7648,45581.55,28658.92,3040,1912,726,510,PEYS,PEYS,Peyssonnelia,Peyssonnelia,subcategory,PEYSSONNELIACEAE,PEYSSONNELIACEAE,5,NA,NA,Notes,/Users/ec/Documents/Data/PointCoralPackage/pointcoral/inst/extdata/HIW_158_W_U-1.cpc,C:\PROGRA~1\CPCe36\SHALLO~1.TXT,E:\Trasects June 09\Deep Cres\Hole in the Wall\48 meters\HIW_158_W_U-1.jpg,45600,28680,0,45581.55,0,28658.92,TRUE,TRUE,#cc3366
NA,Hole in the Wall,HIW_158_W_U-1,NA,HIW_158_W_U-1,HIW_158_W_U-1.jpg,/Users/ec/Documents/Data/PointCoralPackage/pointcoral/inst/extdata/HIW_158_W_U-1.jpg,24,10431,9901,45581.55,28658.92,3040,1912,696,661,SPO,SPO,Sponge,Sponge,subcategory,SPONGES (S),SPONGES (S),2,NA,NA,Notes,/Users/ec/Documents/Data/PointCoralPackage/pointcoral/inst/extdata/HIW_158_W_U-1.cpc,C:\PROGRA~1\CPCe36\SHALLO~1.TXT,E:\Trasects June 09\Deep Cres\Hole in the Wall\48 meters\HIW_158_W_U-1.jpg,45600,28680,0,45581.55,0,28658.92,TRUE,TRUE,#3399ff
NA,Hole in the Wall,HIW_158_W_U-1,NA,HIW_158_W_U-1,HIW_158_W_U-1.jpg,/Users/ec/Documents/Data/PointCoralPackage/pointcoral/inst/extdata/HIW_158_W_U-1.jpg,25,11043,13845,45581.55,28658.92,3040,1912,736,924,CALG,CALG,Coralline algae,Coralline algae,subcategory,CORALLINE ALGAE (CA),CORALLINE ALGAE (CA),7,NA,NA,Notes,/Users/ec/Documents/Data/PointCoralPackage/pointcoral/inst/extdata/HIW_158_W_U-1.cpc,C:\PROGRA~1\CPCe36\SHALLO~1.TXT,E:\Trasects June 09\Deep Cres\Hole in the Wall\48 meters\HIW_158_W_U-1.jpg,45600,28680,0,45581.55,0,28658.92,TRUE,TRUE,#8b0000
NA,Hole in the Wall,HIW_158_W_U-1,NA,HIW_158_W_U-1,HIW_158_W_U-1.jpg,/Users/ec/Documents/Data/PointCoralPackage/pointcoral/inst/extdata/HIW_158_W_U-1.jpg,26,13526,15936,45581.55,28658.92,3040,1912,902,1063,LOBO,LOBO,Lobophora variegata,Lobophora variegata,subcategory,MACROALGAE (MA),MACROALGAE (MA),4,NA,NA,Notes,/Users/ec/Documents/Data/PointCoralPackage/pointcoral/inst/extdata/HIW_158_W_U-1.cpc,C:\PROGRA~1\CPCe36\SHALLO~1.TXT,E:\Trasects June 09\Deep Cres\Hole in the Wall\48 meters\HIW_158_W_U-1.jpg,45600,28680,0,45581.55,0,28658.92,TRUE,TRUE,#33cc66
NA,Hole in the Wall,HIW_158_W_U-1,NA,HIW_158_W_U-1,HIW_158_W_U-1.jpg,/Users/ec/Documents/Data/PointCoralPackage/pointcoral/inst/extdata/HIW_158_W_U-1.jpg,27,9442,17881,45581.55,28658.92,3040,1912,630,1193,CALG,CALG,Coralline algae,Coralline algae,subcategory,CORALLINE ALGAE (CA),CORALLINE ALGAE (CA),7,NA,NA,Notes,/Users/ec/Documents/Data/PointCoralPackage/pointcoral/inst/extdata/HIW_158_W_U-1.cpc,C:\PROGRA~1\CPCe36\SHALLO~1.TXT,E:\Trasects June 09\Deep Cres\Hole in the Wall\48 meters\HIW_158_W_U-1.jpg,45600,28680,0,45581.55,0,28658.92,TRUE,TRUE,#8b0000
NA,Hole in the Wall,HIW_158_W_U-1,NA,HIW_158_W_U-1,HIW_158_W_U-1.jpg,/Users/ec/Documents/Data/PointCoralPackage/pointcoral/inst/extdata/HIW_158_W_U-1.jpg,28,12428,20196,45581.55,28658.92,3040,1912,829,1347,CALG,CALG,Coralline algae,Coralline algae,subcategory,CORALLINE ALGAE (CA),CORALLINE ALGAE (CA),7,NA,NA,Notes,/Users/ec/Documents/Data/PointCoralPackage/pointcoral/inst/extdata/HIW_158_W_U-1.cpc,C:\PROGRA~1\CPCe36\SHALLO~1.TXT,E:\Trasects June 09\Deep Cres\Hole in the Wall\48 meters\HIW_158_W_U-1.jpg,45600,28680,0,45581.55,0,28658.92,TRUE,TRUE,#8b0000
NA,Hole in the Wall,HIW_158_W_U-1,NA,HIW_158_W_U-1,HIW_158_W_U-1.jpg,/Users/ec/Documents/Data/PointCoralPackage/pointcoral/inst/extdata/HIW_158_W_U-1.jpg,29,10994,25762,45581.55,28658.92,3040,1912,733,1719,PEFL,PEFL,Peyssonnelia flavescens,Peyssonnelia flavescens,subcategory,PEYSSONNELIACEAE,PEYSSONNELIACEAE,5,NA,NA,Notes,/Users/ec/Documents/Data/PointCoralPackage/pointcoral/inst/extdata/HIW_158_W_U-1.cpc,C:\PROGRA~1\CPCe36\SHALLO~1.TXT,E:\Trasects June 09\Deep Cres\Hole in the Wall\48 meters\HIW_158_W_U-1.jpg,45600,28680,0,45581.55,0,28658.92,TRUE,TRUE,#cc3366
NA,Hole in the Wall,HIW_158_W_U-1,NA,HIW_158_W_U-1,HIW_158_W_U-1.jpg,/Users/ec/Documents/Data/PointCoralPackage/pointcoral/inst/extdata/HIW_158_W_U-1.jpg,30,10297,26802,45581.55,28658.92,3040,1912,687,1788,CALG,CALG,Coralline algae,Coralline algae,subcategory,CORALLINE ALGAE (CA),CORALLINE ALGAE (CA),7,NA,NA,Notes,/Users/ec/Documents/Data/PointCoralPackage/pointcoral/inst/extdata/HIW_158_W_U-1.cpc,C:\PROGRA~1\CPCe36\SHALLO~1.TXT,E:\Trasects June 09\Deep Cres\Hole in the Wall\48 meters\HIW_158_W_U-1.jpg,45600,28680,0,45581.55,0,28658.92,TRUE,TRUE,#8b0000
NA,Hole in the Wall,HIW_158_W_U-1,NA,HIW_158_W_U-1,HIW_158_W_U-1.jpg,/Users/ec/Documents/Data/PointCoralPackage/pointcoral/inst/extdata/HIW_158_W_U-1.jpg,31,15899,2447,45581.55,28658.92,3040,1912,1060,163,SPO,SPO,Sponge,Sponge,subcategory,SPONGES (S),SPONGES (S),2,NA,NA,Notes,/Users/ec/Documents/Data/PointCoralPackage/pointcoral/inst/extdata/HIW_158_W_U-1.cpc,C:\PROGRA~1\CPCe36\SHALLO~1.TXT,E:\Trasects June 09\Deep Cres\Hole in the Wall\48 meters\HIW_158_W_U-1.jpg,45600,28680,0,45581.55,0,28658.92,TRUE,TRUE,#3399ff
NA,Hole in the Wall,HIW_158_W_U-1,NA,HIW_158_W_U-1,HIW_158_W_U-1.jpg,/Users/ec/Documents/Data/PointCoralPackage/pointcoral/inst/extdata/HIW_158_W_U-1.jpg,32,17325,4713,45581.55,28658.92,3040,1912,1155,314,PEYS,PEYS,Peyssonnelia,Peyssonnelia,subcategory,PEYSSONNELIACEAE,PEYSSONNELIACEAE,5,NA,NA,Notes,/Users/ec/Documents/Data/PointCoralPackage/pointcoral/inst/extdata/HIW_158_W_U-1.cpc,C:\PROGRA~1\CPCe36\SHALLO~1.TXT,E:\Trasects June 09\Deep Cres\Hole in the Wall\48 meters\HIW_158_W_U-1.jpg,45600,28680,0,45581.55,0,28658.92,TRUE,TRUE,#cc3366
NA,Hole in the Wall,HIW_158_W_U-1,NA,HIW_158_W_U-1,HIW_158_W_U-1.jpg,/Users/ec/Documents/Data/PointCoralPackage/pointcoral/inst/extdata/HIW_158_W_U-1.jpg,33,15078,7057,45581.55,28658.92,3040,1912,1006,471,PEYS,PEYS,Peyssonnelia,Peyssonnelia,subcategory,PEYSSONNELIACEAE,PEYSSONNELIACEAE,5,NA,NA,Notes,/Users/ec/Documents/Data/PointCoralPackage/pointcoral/inst/extdata/HIW_158_W_U-1.cpc,C:\PROGRA~1\CPCe36\SHALLO~1.TXT,E:\Trasects June 09\Deep Cres\Hole in the Wall\48 meters\HIW_158_W_U-1.jpg,45600,28680,0,45581.55,0,28658.92,TRUE,TRUE,#cc3366
NA,Hole in the Wall,HIW_158_W_U-1,NA,HIW_158_W_U-1,HIW_158_W_U-1.jpg,/Users/ec/Documents/Data/PointCoralPackage/pointcoral/inst/extdata/HIW_158_W_U-1.jpg,34,13833,11196,45581.55,28658.92,3040,1912,923,747,P,P,Pavement,Pavement,subcategory,"SAND, PAVEMENT, RUBBLE (SPR)","SAND, PAVEMENT, RUBBLE (SPR)",8,NA,NA,Notes,/Users/ec/Documents/Data/PointCoralPackage/pointcoral/inst/extdata/HIW_158_W_U-1.cpc,C:\PROGRA~1\CPCe36\SHALLO~1.TXT,E:\Trasects June 09\Deep Cres\Hole in the Wall\48 meters\HIW_158_W_U-1.jpg,45600,28680,0,45581.55,0,28658.92,TRUE,TRUE,#d8c28a
NA,Hole in the Wall,HIW_158_W_U-1,NA,HIW_158_W_U-1,HIW_158_W_U-1.jpg,/Users/ec/Documents/Data/PointCoralPackage/pointcoral/inst/extdata/HIW_158_W_U-1.jpg,35,16886,13752,45581.55,28658.92,3040,1912,1126,917,SPO,SPO,Sponge,Sponge,subcategory,SPONGES (S),SPONGES (S),2,NA,NA,Notes,/Users/ec/Documents/Data/PointCoralPackage/pointcoral/inst/extdata/HIW_158_W_U-1.cpc,C:\PROGRA~1\CPCe36\SHALLO~1.TXT,E:\Trasects June 09\Deep Cres\Hole in the Wall\48 meters\HIW_158_W_U-1.jpg,45600,28680,0,45581.55,0,28658.92,TRUE,TRUE,#3399ff
NA,Hole in the Wall,HIW_158_W_U-1,NA,HIW_158_W_U-1,HIW_158_W_U-1.jpg,/Users/ec/Documents/Data/PointCoralPackage/pointcoral/inst/extdata/HIW_158_W_U-1.jpg,36,17991,15192,45581.55,28658.92,3040,1912,1200,1014,LOBO,LOBO,Lobophora variegata,Lobophora variegata,subcategory,MACROALGAE (MA),MACROALGAE (MA),4,NA,NA,Notes,/Users/ec/Documents/Data/PointCoralPackage/pointcoral/inst/extdata/HIW_158_W_U-1.cpc,C:\PROGRA~1\CPCe36\SHALLO~1.TXT,E:\Trasects June 09\Deep Cres\Hole in the Wall\48 meters\HIW_158_W_U-1.jpg,45600,28680,0,45581.55,0,28658.92,TRUE,TRUE,#33cc66
NA,Hole in the Wall,HIW_158_W_U-1,NA,HIW_158_W_U-1,HIW_158_W_U-1.jpg,/Users/ec/Documents/Data/PointCoralPackage/pointcoral/inst/extdata/HIW_158_W_U-1.jpg,37,16988,19379,45581.55,28658.92,3040,1912,1133,1293,SPO,SPO,Sponge,Sponge,subcategory,SPONGES (S),SPONGES (S),2,NA,NA,Notes,/Users/ec/Documents/Data/PointCoralPackage/pointcoral/inst/extdata/HIW_158_W_U-1.cpc,C:\PROGRA~1\CPCe36\SHALLO~1.TXT,E:\Trasects June 09\Deep Cres\Hole in the Wall\48 meters\HIW_158_W_U-1.jpg,45600,28680,0,45581.55,0,28658.92,TRUE,TRUE,#3399ff
NA,Hole in the Wall,HIW_158_W_U-1,NA,HIW_158_W_U-1,HIW_158_W_U-1.jpg,/Users/ec/Documents/Data/PointCoralPackage/pointcoral/inst/extdata/HIW_158_W_U-1.jpg,38,14517,21184,45581.55,28658.92,3040,1912,968,1413,PEFL,PEFL,Peyssonnelia flavescens,Peyssonnelia flavescens,subcategory,PEYSSONNELIACEAE,PEYSSONNELIACEAE,5,NA,NA,Notes,/Users/ec/Documents/Data/PointCoralPackage/pointcoral/inst/extdata/HIW_158_W_U-1.cpc,C:\PROGRA~1\CPCe36\SHALLO~1.TXT,E:\Trasects June 09\Deep Cres\Hole in the Wall\48 meters\HIW_158_W_U-1.jpg,45600,28680,0,45581.55,0,28658.92,TRUE,TRUE,#cc3366
NA,Hole in the Wall,HIW_158_W_U-1,NA,HIW_158_W_U-1,HIW_158_W_U-1.jpg,/Users/ec/Documents/Data/PointCoralPackage/pointcoral/inst/extdata/HIW_158_W_U-1.jpg,39,16820,23825,45581.55,28658.92,3040,1912,1122,1590,CALG,CALG,Coralline algae,Coralline algae,subcategory,CORALLINE ALGAE (CA),CORALLINE ALGAE (CA),7,NA,NA,Notes,/Users/ec/Documents/Data/PointCoralPackage/pointcoral/inst/extdata/HIW_158_W_U-1.cpc,C:\PROGRA~1\CPCe36\SHALLO~1.TXT,E:\Trasects June 09\Deep Cres\Hole in the Wall\48 meters\HIW_158_W_U-1.jpg,45600,28680,0,45581.55,0,28658.92,TRUE,TRUE,#8b0000
NA,Hole in the Wall,HIW_158_W_U-1,NA,HIW_158_W_U-1,HIW_158_W_U-1.jpg,/Users/ec/Documents/Data/PointCoralPackage/pointcoral/inst/extdata/HIW_158_W_U-1.jpg,40,17131,26260,45581.55,28658.92,3040,1912,1143,1752,S,S,Sand,Sand,subcategory,"SAND, PAVEMENT, RUBBLE (SPR)","SAND, PAVEMENT, RUBBLE (SPR)",8,NA,NA,Notes,/Users/ec/Documents/Data/PointCoralPackage/pointcoral/inst/extdata/HIW_158_W_U-1.cpc,C:\PROGRA~1\CPCe36\SHALLO~1.TXT,E:\Trasects June 09\Deep Cres\Hole in the Wall\48 meters\HIW_158_W_U-1.jpg,45600,28680,0,45581.55,0,28658.92,TRUE,TRUE,#d8c28a
NA,Hole in the Wall,HIW_158_W_U-1,NA,HIW_158_W_U-1,HIW_158_W_U-1.jpg,/Users/ec/Documents/Data/PointCoralPackage/pointcoral/inst/extdata/HIW_158_W_U-1.jpg,41,20146,2743,45581.55,28658.92,3040,1912,1344,183,S,S,Sand,Sand,subcategory,"SAND, PAVEMENT, RUBBLE (SPR)","SAND, PAVEMENT, RUBBLE (SPR)",8,NA,NA,Notes,/Users/ec/Documents/Data/PointCoralPackage/pointcoral/inst/extdata/HIW_158_W_U-1.cpc,C:\PROGRA~1\CPCe36\SHALLO~1.TXT,E:\Trasects June 09\Deep Cres\Hole in the Wall\48 meters\HIW_158_W_U-1.jpg,45600,28680,0,45581.55,0,28658.92,TRUE,TRUE,#d8c28a
NA,Hole in the Wall,HIW_158_W_U-1,NA,HIW_158_W_U-1,HIW_158_W_U-1.jpg,/Users/ec/Documents/Data/PointCoralPackage/pointcoral/inst/extdata/HIW_158_W_U-1.jpg,42,19373,5008,45581.55,28658.92,3040,1912,1292,334,PEYS,PEYS,Peyssonnelia,Peyssonnelia,subcategory,PEYSSONNELIACEAE,PEYSSONNELIACEAE,5,NA,NA,Notes,/Users/ec/Documents/Data/PointCoralPackage/pointcoral/inst/extdata/HIW_158_W_U-1.cpc,C:\PROGRA~1\CPCe36\SHALLO~1.TXT,E:\Trasects June 09\Deep Cres\Hole in the Wall\48 meters\HIW_158_W_U-1.jpg,45600,28680,0,45581.55,0,28658.92,TRUE,TRUE,#cc3366
NA,Hole in the Wall,HIW_158_W_U-1,NA,HIW_158_W_U-1,HIW_158_W_U-1.jpg,/Users/ec/Documents/Data/PointCoralPackage/pointcoral/inst/extdata/HIW_158_W_U-1.jpg,43,19104,6703,45581.55,28658.92,3040,1912,1274,447,PEYS,PEYS,Peyssonnelia,Peyssonnelia,subcategory,PEYSSONNELIACEAE,PEYSSONNELIACEAE,5,NA,NA,Notes,/Users/ec/Documents/Data/PointCoralPackage/pointcoral/inst/extdata/HIW_158_W_U-1.cpc,C:\PROGRA~1\CPCe36\SHALLO~1.TXT,E:\Trasects June 09\Deep Cres\Hole in the Wall\48 meters\HIW_158_W_U-1.jpg,45600,28680,0,45581.55,0,28658.92,TRUE,TRUE,#cc3366
NA,Hole in the Wall,HIW_158_W_U-1,NA,HIW_158_W_U-1,HIW_158_W_U-1.jpg,/Users/ec/Documents/Data/PointCoralPackage/pointcoral/inst/extdata/HIW_158_W_U-1.jpg,44,19197,9568,45581.55,28658.92,3040,1912,1280,638,CALG,CALG,Coralline algae,Coralline algae,subcategory,CORALLINE ALGAE (CA),CORALLINE ALGAE (CA),7,NA,NA,Notes,/Users/ec/Documents/Data/PointCoralPackage/pointcoral/inst/extdata/HIW_158_W_U-1.cpc,C:\PROGRA~1\CPCe36\SHALLO~1.TXT,E:\Trasects June 09\Deep Cres\Hole in the Wall\48 meters\HIW_158_W_U-1.jpg,45600,28680,0,45581.55,0,28658.92,TRUE,TRUE,#8b0000
NA,Hole in the Wall,HIW_158_W_U-1,NA,HIW_158_W_U-1,HIW_158_W_U-1.jpg,/Users/ec/Documents/Data/PointCoralPackage/pointcoral/inst/extdata/HIW_158_W_U-1.jpg,45,22198,13446,45581.55,28658.92,3040,1912,1480,897,SPO,SPO,Sponge,Sponge,subcategory,SPONGES (S),SPONGES (S),2,NA,NA,Notes,/Users/ec/Documents/Data/PointCoralPackage/pointcoral/inst/extdata/HIW_158_W_U-1.cpc,C:\PROGRA~1\CPCe36\SHALLO~1.TXT,E:\Trasects June 09\Deep Cres\Hole in the Wall\48 meters\HIW_158_W_U-1.jpg,45600,28680,0,45581.55,0,28658.92,TRUE,TRUE,#3399ff
NA,Hole in the Wall,HIW_158_W_U-1,NA,HIW_158_W_U-1,HIW_158_W_U-1.jpg,/Users/ec/Documents/Data/PointCoralPackage/pointcoral/inst/extdata/HIW_158_W_U-1.jpg,46,22157,16929,45581.55,28658.92,3040,1912,1478,1129,S,S,Sand,Sand,subcategory,"SAND, PAVEMENT, RUBBLE (SPR)","SAND, PAVEMENT, RUBBLE (SPR)",8,NA,NA,Notes,/Users/ec/Documents/Data/PointCoralPackage/pointcoral/inst/extdata/HIW_158_W_U-1.cpc,C:\PROGRA~1\CPCe36\SHALLO~1.TXT,E:\Trasects June 09\Deep Cres\Hole in the Wall\48 meters\HIW_158_W_U-1.jpg,45600,28680,0,45581.55,0,28658.92,TRUE,TRUE,#d8c28a
NA,Hole in the Wall,HIW_158_W_U-1,NA,HIW_158_W_U-1,HIW_158_W_U-1.jpg,/Users/ec/Documents/Data/PointCoralPackage/pointcoral/inst/extdata/HIW_158_W_U-1.jpg,47,19589,18911,45581.55,28658.92,3040,1912,1306,1262,LOBO,LOBO,Lobophora variegata,Lobophora variegata,subcategory,MACROALGAE (MA),MACROALGAE (MA),4,NA,NA,Notes,/Users/ec/Documents/Data/PointCoralPackage/pointcoral/inst/extdata/HIW_158_W_U-1.cpc,C:\PROGRA~1\CPCe36\SHALLO~1.TXT,E:\Trasects June 09\Deep Cres\Hole in the Wall\48 meters\HIW_158_W_U-1.jpg,45600,28680,0,45581.55,0,28658.92,TRUE,TRUE,#33cc66
NA,Hole in the Wall,HIW_158_W_U-1,NA,HIW_158_W_U-1,HIW_158_W_U-1.jpg,/Users/ec/Documents/Data/PointCoralPackage/pointcoral/inst/extdata/HIW_158_W_U-1.jpg,48,20470,21469,45581.55,28658.92,3040,1912,1365,1432,S,S,Sand,Sand,subcategory,"SAND, PAVEMENT, RUBBLE (SPR)","SAND, PAVEMENT, RUBBLE (SPR)",8,NA,NA,Notes,/Users/ec/Documents/Data/PointCoralPackage/pointcoral/inst/extdata/HIW_158_W_U-1.cpc,C:\PROGRA~1\CPCe36\SHALLO~1.TXT,E:\Trasects June 09\Deep Cres\Hole in the Wall\48 meters\HIW_158_W_U-1.jpg,45600,28680,0,45581.55,0,28658.92,TRUE,TRUE,#d8c28a
NA,Hole in the Wall,HIW_158_W_U-1,NA,HIW_158_W_U-1,HIW_158_W_U-1.jpg,/Users/ec/Documents/Data/PointCoralPackage/pointcoral/inst/extdata/HIW_158_W_U-1.jpg,49,19918,23036,45581.55,28658.92,3040,1912,1328,1537,S,S,Sand,Sand,subcategory,"SAND, PAVEMENT, RUBBLE (SPR)","SAND, PAVEMENT, RUBBLE (SPR)",8,NA,NA,Notes,/Users/ec/Documents/Data/PointCoralPackage/pointcoral/inst/extdata/HIW_158_W_U-1.cpc,C:\PROGRA~1\CPCe36\SHALLO~1.TXT,E:\Trasects June 09\Deep Cres\Hole in the Wall\48 meters\HIW_158_W_U-1.jpg,45600,28680,0,45581.55,0,28658.92,TRUE,TRUE,#d8c28a
NA,Hole in the Wall,HIW_158_W_U-1,NA,HIW_158_W_U-1,HIW_158_W_U-1.jpg,/Users/ec/Documents/Data/PointCoralPackage/pointcoral/inst/extdata/HIW_158_W_U-1.jpg,50,21794,27732,45581.55,28658.92,3040,1912,1454,1850,S,S,Sand,Sand,subcategory,"SAND, PAVEMENT, RUBBLE (SPR)","SAND, PAVEMENT, RUBBLE (SPR)",8,NA,NA,Notes,/Users/ec/Documents/Data/PointCoralPackage/pointcoral/inst/extdata/HIW_158_W_U-1.cpc,C:\PROGRA~1\CPCe36\SHALLO~1.TXT,E:\Trasects June 09\Deep Cres\Hole in the Wall\48 meters\HIW_158_W_U-1.jpg,45600,28680,0,45581.55,0,28658.92,TRUE,TRUE,#d8c28a
NA,Hole in the Wall,HIW_158_W_U-1,NA,HIW_158_W_U-1,HIW_158_W_U-1.jpg,/Users/ec/Documents/Data/PointCoralPackage/pointcoral/inst/extdata/HIW_158_W_U-1.jpg,51,26091,2582,45581.55,28658.92,3040,1912,1740,172,PEFL,PEFL,Peyssonnelia flavescens,Peyssonnelia flavescens,subcategory,PEYSSONNELIACEAE,PEYSSONNELIACEAE,5,NA,NA,Notes,/Users/ec/Documents/Data/PointCoralPackage/pointcoral/inst/extdata/HIW_158_W_U-1.cpc,C:\PROGRA~1\CPCe36\SHALLO~1.TXT,E:\Trasects June 09\Deep Cres\Hole in the Wall\48 meters\HIW_158_W_U-1.jpg,45600,28680,0,45581.55,0,28658.92,TRUE,TRUE,#cc3366
NA,Hole in the Wall,HIW_158_W_U-1,NA,HIW_158_W_U-1,HIW_158_W_U-1.jpg,/Users/ec/Documents/Data/PointCoralPackage/pointcoral/inst/extdata/HIW_158_W_U-1.jpg,52,24199,2966,45581.55,28658.92,3040,1912,1614,198,CALG,CALG,Coralline algae,Coralline algae,subcategory,CORALLINE ALGAE (CA),CORALLINE ALGAE (CA),7,NA,NA,Notes,/Users/ec/Documents/Data/PointCoralPackage/pointcoral/inst/extdata/HIW_158_W_U-1.cpc,C:\PROGRA~1\CPCe36\SHALLO~1.TXT,E:\Trasects June 09\Deep Cres\Hole in the Wall\48 meters\HIW_158_W_U-1.jpg,45600,28680,0,45581.55,0,28658.92,TRUE,TRUE,#8b0000
NA,Hole in the Wall,HIW_158_W_U-1,NA,HIW_158_W_U-1,HIW_158_W_U-1.jpg,/Users/ec/Documents/Data/PointCoralPackage/pointcoral/inst/extdata/HIW_158_W_U-1.jpg,53,23195,6030,45581.55,28658.92,3040,1912,1547,402,S,S,Sand,Sand,subcategory,"SAND, PAVEMENT, RUBBLE (SPR)","SAND, PAVEMENT, RUBBLE (SPR)",8,NA,NA,Notes,/Users/ec/Documents/Data/PointCoralPackage/pointcoral/inst/extdata/HIW_158_W_U-1.cpc,C:\PROGRA~1\CPCe36\SHALLO~1.TXT,E:\Trasects June 09\Deep Cres\Hole in the Wall\48 meters\HIW_158_W_U-1.jpg,45600,28680,0,45581.55,0,28658.92,TRUE,TRUE,#d8c28a
NA,Hole in the Wall,HIW_158_W_U-1,NA,HIW_158_W_U-1,HIW_158_W_U-1.jpg,/Users/ec/Documents/Data/PointCoralPackage/pointcoral/inst/extdata/HIW_158_W_U-1.jpg,54,24984,10679,45581.55,28658.92,3040,1912,1666,712,S,S,Sand,Sand,subcategory,"SAND, PAVEMENT, RUBBLE (SPR)","SAND, PAVEMENT, RUBBLE (SPR)",8,NA,NA,Notes,/Users/ec/Documents/Data/PointCoralPackage/pointcoral/inst/extdata/HIW_158_W_U-1.cpc,C:\PROGRA~1\CPCe36\SHALLO~1.TXT,E:\Trasects June 09\Deep Cres\Hole in the Wall\48 meters\HIW_158_W_U-1.jpg,45600,28680,0,45581.55,0,28658.92,TRUE,TRUE,#d8c28a
NA,Hole in the Wall,HIW_158_W_U-1,NA,HIW_158_W_U-1,HIW_158_W_U-1.jpg,/Users/ec/Documents/Data/PointCoralPackage/pointcoral/inst/extdata/HIW_158_W_U-1.jpg,55,24425,14178,45581.55,28658.92,3040,1912,1629,946,CALG,CALG,Coralline algae,Coralline algae,subcategory,CORALLINE ALGAE (CA),CORALLINE ALGAE (CA),7,NA,NA,Notes,/Users/ec/Documents/Data/PointCoralPackage/pointcoral/inst/extdata/HIW_158_W_U-1.cpc,C:\PROGRA~1\CPCe36\SHALLO~1.TXT,E:\Trasects June 09\Deep Cres\Hole in the Wall\48 meters\HIW_158_W_U-1.jpg,45600,28680,0,45581.55,0,28658.92,TRUE,TRUE,#8b0000
NA,Hole in the Wall,HIW_158_W_U-1,NA,HIW_158_W_U-1,HIW_158_W_U-1.jpg,/Users/ec/Documents/Data/PointCoralPackage/pointcoral/inst/extdata/HIW_158_W_U-1.jpg,56,26802,16153,45581.55,28658.92,3040,1912,1788,1078,S,S,Sand,Sand,subcategory,"SAND, PAVEMENT, RUBBLE (SPR)","SAND, PAVEMENT, RUBBLE (SPR)",8,NA,NA,Notes,/Users/ec/Documents/Data/PointCoralPackage/pointcoral/inst/extdata/HIW_158_W_U-1.cpc,C:\PROGRA~1\CPCe36\SHALLO~1.TXT,E:\Trasects June 09\Deep Cres\Hole in the Wall\48 meters\HIW_158_W_U-1.jpg,45600,28680,0,45581.55,0,28658.92,TRUE,TRUE,#d8c28a
NA,Hole in the Wall,HIW_158_W_U-1,NA,HIW_158_W_U-1,HIW_158_W_U-1.jpg,/Users/ec/Documents/Data/PointCoralPackage/pointcoral/inst/extdata/HIW_158_W_U-1.jpg,57,25673,19165,45581.55,28658.92,3040,1912,1712,1279,CALG,CALG,Coralline algae,Coralline algae,subcategory,CORALLINE ALGAE (CA),CORALLINE ALGAE (CA),7,NA,NA,Notes,/Users/ec/Documents/Data/PointCoralPackage/pointcoral/inst/extdata/HIW_158_W_U-1.cpc,C:\PROGRA~1\CPCe36\SHALLO~1.TXT,E:\Trasects June 09\Deep Cres\Hole in the Wall\48 meters\HIW_158_W_U-1.jpg,45600,28680,0,45581.55,0,28658.92,TRUE,TRUE,#8b0000
NA,Hole in the Wall,HIW_158_W_U-1,NA,HIW_158_W_U-1,HIW_158_W_U-1.jpg,/Users/ec/Documents/Data/PointCoralPackage/pointcoral/inst/extdata/HIW_158_W_U-1.jpg,58,26475,22701,45581.55,28658.92,3040,1912,1766,1515,SPO,SPO,Sponge,Sponge,subcategory,SPONGES (S),SPONGES (S),2,NA,NA,Notes,/Users/ec/Documents/Data/PointCoralPackage/pointcoral/inst/extdata/HIW_158_W_U-1.cpc,C:\PROGRA~1\CPCe36\SHALLO~1.TXT,E:\Trasects June 09\Deep Cres\Hole in the Wall\48 meters\HIW_158_W_U-1.jpg,45600,28680,0,45581.55,0,28658.92,TRUE,TRUE,#3399ff
NA,Hole in the Wall,HIW_158_W_U-1,NA,HIW_158_W_U-1,HIW_158_W_U-1.jpg,/Users/ec/Documents/Data/PointCoralPackage/pointcoral/inst/extdata/HIW_158_W_U-1.jpg,59,25992,25415,45581.55,28658.92,3040,1912,1734,1696,S,S,Sand,Sand,subcategory,"SAND, PAVEMENT, RUBBLE (SPR)","SAND, PAVEMENT, RUBBLE (SPR)",8,NA,NA,Notes,/Users/ec/Documents/Data/PointCoralPackage/pointcoral/inst/extdata/HIW_158_W_U-1.cpc,C:\PROGRA~1\CPCe36\SHALLO~1.TXT,E:\Trasects June 09\Deep Cres\Hole in the Wall\48 meters\HIW_158_W_U-1.jpg,45600,28680,0,45581.55,0,28658.92,TRUE,TRUE,#d8c28a
NA,Hole in the Wall,HIW_158_W_U-1,NA,HIW_158_W_U-1,HIW_158_W_U-1.jpg,/Users/ec/Documents/Data/PointCoralPackage/pointcoral/inst/extdata/HIW_158_W_U-1.jpg,60,25325,26665,45581.55,28658.92,3040,1912,1689,1779,S,S,Sand,Sand,subcategory,"SAND, PAVEMENT, RUBBLE (SPR)","SAND, PAVEMENT, RUBBLE (SPR)",8,NA,NA,Notes,/Users/ec/Documents/Data/PointCoralPackage/pointcoral/inst/extdata/HIW_158_W_U-1.cpc,C:\PROGRA~1\CPCe36\SHALLO~1.TXT,E:\Trasects June 09\Deep Cres\Hole in the Wall\48 meters\HIW_158_W_U-1.jpg,45600,28680,0,45581.55,0,28658.92,TRUE,TRUE,#d8c28a
NA,Hole in the Wall,HIW_158_W_U-1,NA,HIW_158_W_U-1,HIW_158_W_U-1.jpg,/Users/ec/Documents/Data/PointCoralPackage/pointcoral/inst/extdata/HIW_158_W_U-1.jpg,61,27650,1330,45581.55,28658.92,3040,1912,1844,89,PEFL,PEFL,Peyssonnelia flavescens,Peyssonnelia flavescens,subcategory,PEYSSONNELIACEAE,PEYSSONNELIACEAE,5,NA,NA,Notes,/Users/ec/Documents/Data/PointCoralPackage/pointcoral/inst/extdata/HIW_158_W_U-1.cpc,C:\PROGRA~1\CPCe36\SHALLO~1.TXT,E:\Trasects June 09\Deep Cres\Hole in the Wall\48 meters\HIW_158_W_U-1.jpg,45600,28680,0,45581.55,0,28658.92,TRUE,TRUE,#cc3366
NA,Hole in the Wall,HIW_158_W_U-1,NA,HIW_158_W_U-1,HIW_158_W_U-1.jpg,/Users/ec/Documents/Data/PointCoralPackage/pointcoral/inst/extdata/HIW_158_W_U-1.jpg,62,27453,4755,45581.55,28658.92,3040,1912,1831,317,CALG,CALG,Coralline algae,Coralline algae,subcategory,CORALLINE ALGAE (CA),CORALLINE ALGAE (CA),7,NA,NA,Notes,/Users/ec/Documents/Data/PointCoralPackage/pointcoral/inst/extdata/HIW_158_W_U-1.cpc,C:\PROGRA~1\CPCe36\SHALLO~1.TXT,E:\Trasects June 09\Deep Cres\Hole in the Wall\48 meters\HIW_158_W_U-1.jpg,45600,28680,0,45581.55,0,28658.92,TRUE,TRUE,#8b0000
NA,Hole in the Wall,HIW_158_W_U-1,NA,HIW_158_W_U-1,HIW_158_W_U-1.jpg,/Users/ec/Documents/Data/PointCoralPackage/pointcoral/inst/extdata/HIW_158_W_U-1.jpg,63,29067,6934,45581.55,28658.92,3040,1912,1939,463,S,S,Sand,Sand,subcategory,"SAND, PAVEMENT, RUBBLE (SPR)","SAND, PAVEMENT, RUBBLE (SPR)",8,NA,NA,Notes,/Users/ec/Documents/Data/PointCoralPackage/pointcoral/inst/extdata/HIW_158_W_U-1.cpc,C:\PROGRA~1\CPCe36\SHALLO~1.TXT,E:\Trasects June 09\Deep Cres\Hole in the Wall\48 meters\HIW_158_W_U-1.jpg,45600,28680,0,45581.55,0,28658.92,TRUE,TRUE,#d8c28a
NA,Hole in the Wall,HIW_158_W_U-1,NA,HIW_158_W_U-1,HIW_158_W_U-1.jpg,/Users/ec/Documents/Data/PointCoralPackage/pointcoral/inst/extdata/HIW_158_W_U-1.jpg,64,30749,10464,45581.55,28658.92,3040,1912,2051,698,P,P,Pavement,Pavement,subcategory,"SAND, PAVEMENT, RUBBLE (SPR)","SAND, PAVEMENT, RUBBLE (SPR)",8,NA,NA,Notes,/Users/ec/Documents/Data/PointCoralPackage/pointcoral/inst/extdata/HIW_158_W_U-1.cpc,C:\PROGRA~1\CPCe36\SHALLO~1.TXT,E:\Trasects June 09\Deep Cres\Hole in the Wall\48 meters\HIW_158_W_U-1.jpg,45600,28680,0,45581.55,0,28658.92,TRUE,TRUE,#d8c28a
NA,Hole in the Wall,HIW_158_W_U-1,NA,HIW_158_W_U-1,HIW_158_W_U-1.jpg,/Users/ec/Documents/Data/PointCoralPackage/pointcoral/inst/extdata/HIW_158_W_U-1.jpg,65,31480,12357,45581.55,28658.92,3040,1912,2100,824,S,S,Sand,Sand,subcategory,"SAND, PAVEMENT, RUBBLE (SPR)","SAND, PAVEMENT, RUBBLE (SPR)",8,NA,NA,Notes,/Users/ec/Documents/Data/PointCoralPackage/pointcoral/inst/extdata/HIW_158_W_U-1.cpc,C:\PROGRA~1\CPCe36\SHALLO~1.TXT,E:\Trasects June 09\Deep Cres\Hole in the Wall\48 meters\HIW_158_W_U-1.jpg,45600,28680,0,45581.55,0,28658.92,TRUE,TRUE,#d8c28a
NA,Hole in the Wall,HIW_158_W_U-1,NA,HIW_158_W_U-1,HIW_158_W_U-1.jpg,/Users/ec/Documents/Data/PointCoralPackage/pointcoral/inst/extdata/HIW_158_W_U-1.jpg,66,29399,17153,45581.55,28658.92,3040,1912,1961,1144,S,S,Sand,Sand,subcategory,"SAND, PAVEMENT, RUBBLE (SPR)","SAND, PAVEMENT, RUBBLE (SPR)",8,NA,NA,Notes,/Users/ec/Documents/Data/PointCoralPackage/pointcoral/inst/extdata/HIW_158_W_U-1.cpc,C:\PROGRA~1\CPCe36\SHALLO~1.TXT,E:\Trasects June 09\Deep Cres\Hole in the Wall\48 meters\HIW_158_W_U-1.jpg,45600,28680,0,45581.55,0,28658.92,TRUE,TRUE,#d8c28a
NA,Hole in the Wall,HIW_158_W_U-1,NA,HIW_158_W_U-1,HIW_158_W_U-1.jpg,/Users/ec/Documents/Data/PointCoralPackage/pointcoral/inst/extdata/HIW_158_W_U-1.jpg,67,29671,19352,45581.55,28658.92,3040,1912,1979,1291,TURF,TURF,Turf,Turf,subcategory,MACROALGAE (MA),MACROALGAE (MA),4,NA,NA,Notes,/Users/ec/Documents/Data/PointCoralPackage/pointcoral/inst/extdata/HIW_158_W_U-1.cpc,C:\PROGRA~1\CPCe36\SHALLO~1.TXT,E:\Trasects June 09\Deep Cres\Hole in the Wall\48 meters\HIW_158_W_U-1.jpg,45600,28680,0,45581.55,0,28658.92,TRUE,TRUE,#33cc66
NA,Hole in the Wall,HIW_158_W_U-1,NA,HIW_158_W_U-1,HIW_158_W_U-1.jpg,/Users/ec/Documents/Data/PointCoralPackage/pointcoral/inst/extdata/HIW_158_W_U-1.jpg,68,29556,21788,45581.55,28658.92,3040,1912,1971,1454,TURF,TURF,Turf,Turf,subcategory,MACROALGAE (MA),MACROALGAE (MA),4,NA,NA,Notes,/Users/ec/Documents/Data/PointCoralPackage/pointcoral/inst/extdata/HIW_158_W_U-1.cpc,C:\PROGRA~1\CPCe36\SHALLO~1.TXT,E:\Trasects June 09\Deep Cres\Hole in the Wall\48 meters\HIW_158_W_U-1.jpg,45600,28680,0,45581.55,0,28658.92,TRUE,TRUE,#33cc66
NA,Hole in the Wall,HIW_158_W_U-1,NA,HIW_158_W_U-1,HIW_158_W_U-1.jpg,/Users/ec/Documents/Data/PointCoralPackage/pointcoral/inst/extdata/HIW_158_W_U-1.jpg,69,29354,24289,45581.55,28658.92,3040,1912,1958,1620,PEYS,PEYS,Peyssonnelia,Peyssonnelia,subcategory,PEYSSONNELIACEAE,PEYSSONNELIACEAE,5,NA,NA,Notes,/Users/ec/Documents/Data/PointCoralPackage/pointcoral/inst/extdata/HIW_158_W_U-1.cpc,C:\PROGRA~1\CPCe36\SHALLO~1.TXT,E:\Trasects June 09\Deep Cres\Hole in the Wall\48 meters\HIW_158_W_U-1.jpg,45600,28680,0,45581.55,0,28658.92,TRUE,TRUE,#cc3366
NA,Hole in the Wall,HIW_158_W_U-1,NA,HIW_158_W_U-1,HIW_158_W_U-1.jpg,/Users/ec/Documents/Data/PointCoralPackage/pointcoral/inst/extdata/HIW_158_W_U-1.jpg,70,30485,26673,45581.55,28658.92,3040,1912,2033,1780,S,S,Sand,Sand,subcategory,"SAND, PAVEMENT, RUBBLE (SPR)","SAND, PAVEMENT, RUBBLE (SPR)",8,NA,NA,Notes,/Users/ec/Documents/Data/PointCoralPackage/pointcoral/inst/extdata/HIW_158_W_U-1.cpc,C:\PROGRA~1\CPCe36\SHALLO~1.TXT,E:\Trasects June 09\Deep Cres\Hole in the Wall\48 meters\HIW_158_W_U-1.jpg,45600,28680,0,45581.55,0,28658.92,TRUE,TRUE,#d8c28a
NA,Hole in the Wall,HIW_158_W_U-1,NA,HIW_158_W_U-1,HIW_158_W_U-1.jpg,/Users/ec/Documents/Data/PointCoralPackage/pointcoral/inst/extdata/HIW_158_W_U-1.jpg,71,35759,1434,45581.55,28658.92,3040,1912,2385,96,LOBO,LOBO,Lobophora variegata,Lobophora variegata,subcategory,MACROALGAE (MA),MACROALGAE (MA),4,NA,NA,Notes,/Users/ec/Documents/Data/PointCoralPackage/pointcoral/inst/extdata/HIW_158_W_U-1.cpc,C:\PROGRA~1\CPCe36\SHALLO~1.TXT,E:\Trasects June 09\Deep Cres\Hole in the Wall\48 meters\HIW_158_W_U-1.jpg,45600,28680,0,45581.55,0,28658.92,TRUE,TRUE,#33cc66
NA,Hole in the Wall,HIW_158_W_U-1,NA,HIW_158_W_U-1,HIW_158_W_U-1.jpg,/Users/ec/Documents/Data/PointCoralPackage/pointcoral/inst/extdata/HIW_158_W_U-1.jpg,72,35144,4100,45581.55,28658.92,3040,1912,2344,274,SS,SS,Siderastrea siderea,Siderastrea siderea,subcategory,CORAL (C),CORAL (C),0,NA,NA,Notes,/Users/ec/Documents/Data/PointCoralPackage/pointcoral/inst/extdata/HIW_158_W_U-1.cpc,C:\PROGRA~1\CPCe36\SHALLO~1.TXT,E:\Trasects June 09\Deep Cres\Hole in the Wall\48 meters\HIW_158_W_U-1.jpg,45600,28680,0,45581.55,0,28658.92,TRUE,TRUE,#ff4d4d
NA,Hole in the Wall,HIW_158_W_U-1,NA,HIW_158_W_U-1,HIW_158_W_U-1.jpg,/Users/ec/Documents/Data/PointCoralPackage/pointcoral/inst/extdata/HIW_158_W_U-1.jpg,73,36298,7247,45581.55,28658.92,3040,1912,2421,483,PEYS,PEYS,Peyssonnelia,Peyssonnelia,subcategory,PEYSSONNELIACEAE,PEYSSONNELIACEAE,5,NA,NA,Notes,/Users/ec/Documents/Data/PointCoralPackage/pointcoral/inst/extdata/HIW_158_W_U-1.cpc,C:\PROGRA~1\CPCe36\SHALLO~1.TXT,E:\Trasects June 09\Deep Cres\Hole in the Wall\48 meters\HIW_158_W_U-1.jpg,45600,28680,0,45581.55,0,28658.92,TRUE,TRUE,#cc3366
NA,Hole in the Wall,HIW_158_W_U-1,NA,HIW_158_W_U-1,HIW_158_W_U-1.jpg,/Users/ec/Documents/Data/PointCoralPackage/pointcoral/inst/extdata/HIW_158_W_U-1.jpg,74,35129,8718,45581.55,28658.92,3040,1912,2343,582,PEYS,PEYS,Peyssonnelia,Peyssonnelia,subcategory,PEYSSONNELIACEAE,PEYSSONNELIACEAE,5,NA,NA,Notes,/Users/ec/Documents/Data/PointCoralPackage/pointcoral/inst/extdata/HIW_158_W_U-1.cpc,C:\PROGRA~1\CPCe36\SHALLO~1.TXT,E:\Trasects June 09\Deep Cres\Hole in the Wall\48 meters\HIW_158_W_U-1.jpg,45600,28680,0,45581.55,0,28658.92,TRUE,TRUE,#cc3366
NA,Hole in the Wall,HIW_158_W_U-1,NA,HIW_158_W_U-1,HIW_158_W_U-1.jpg,/Users/ec/Documents/Data/PointCoralPackage/pointcoral/inst/extdata/HIW_158_W_U-1.jpg,75,36444,12032,45581.55,28658.92,3040,1912,2431,803,TURF,TURF,Turf,Turf,subcategory,MACROALGAE (MA),MACROALGAE (MA),4,NA,NA,Notes,/Users/ec/Documents/Data/PointCoralPackage/pointcoral/inst/extdata/HIW_158_W_U-1.cpc,C:\PROGRA~1\CPCe36\SHALLO~1.TXT,E:\Trasects June 09\Deep Cres\Hole in the Wall\48 meters\HIW_158_W_U-1.jpg,45600,28680,0,45581.55,0,28658.92,TRUE,TRUE,#33cc66
NA,Hole in the Wall,HIW_158_W_U-1,NA,HIW_158_W_U-1,HIW_158_W_U-1.jpg,/Users/ec/Documents/Data/PointCoralPackage/pointcoral/inst/extdata/HIW_158_W_U-1.jpg,76,33656,14461,45581.55,28658.92,3040,1912,2245,965,S,S,Sand,Sand,subcategory,"SAND, PAVEMENT, RUBBLE (SPR)","SAND, PAVEMENT, RUBBLE (SPR)",8,NA,NA,Notes,/Users/ec/Documents/Data/PointCoralPackage/pointcoral/inst/extdata/HIW_158_W_U-1.cpc,C:\PROGRA~1\CPCe36\SHALLO~1.TXT,E:\Trasects June 09\Deep Cres\Hole in the Wall\48 meters\HIW_158_W_U-1.jpg,45600,28680,0,45581.55,0,28658.92,TRUE,TRUE,#d8c28a
NA,Hole in the Wall,HIW_158_W_U-1,NA,HIW_158_W_U-1,HIW_158_W_U-1.jpg,/Users/ec/Documents/Data/PointCoralPackage/pointcoral/inst/extdata/HIW_158_W_U-1.jpg,77,33736,18338,45581.55,28658.92,3040,1912,2250,1223,S,S,Sand,Sand,subcategory,"SAND, PAVEMENT, RUBBLE (SPR)","SAND, PAVEMENT, RUBBLE (SPR)",8,NA,NA,Notes,/Users/ec/Documents/Data/PointCoralPackage/pointcoral/inst/extdata/HIW_158_W_U-1.cpc,C:\PROGRA~1\CPCe36\SHALLO~1.TXT,E:\Trasects June 09\Deep Cres\Hole in the Wall\48 meters\HIW_158_W_U-1.jpg,45600,28680,0,45581.55,0,28658.92,TRUE,TRUE,#d8c28a
NA,Hole in the Wall,HIW_158_W_U-1,NA,HIW_158_W_U-1,HIW_158_W_U-1.jpg,/Users/ec/Documents/Data/PointCoralPackage/pointcoral/inst/extdata/HIW_158_W_U-1.jpg,78,34996,22440,45581.55,28658.92,3040,1912,2334,1497,AA,AA,Agaricia,Agaricia,subcategory,CORAL (C),CORAL (C),0,NA,NA,Notes,/Users/ec/Documents/Data/PointCoralPackage/pointcoral/inst/extdata/HIW_158_W_U-1.cpc,C:\PROGRA~1\CPCe36\SHALLO~1.TXT,E:\Trasects June 09\Deep Cres\Hole in the Wall\48 meters\HIW_158_W_U-1.jpg,45600,28680,0,45581.55,0,28658.92,TRUE,TRUE,#ff4d4d
NA,Hole in the Wall,HIW_158_W_U-1,NA,HIW_158_W_U-1,HIW_158_W_U-1.jpg,/Users/ec/Documents/Data/PointCoralPackage/pointcoral/inst/extdata/HIW_158_W_U-1.jpg,79,31979,24924,45581.55,28658.92,3040,1912,2133,1663,S,S,Sand,Sand,subcategory,"SAND, PAVEMENT, RUBBLE (SPR)","SAND, PAVEMENT, RUBBLE (SPR)",8,NA,NA,Notes,/Users/ec/Documents/Data/PointCoralPackage/pointcoral/inst/extdata/HIW_158_W_U-1.cpc,C:\PROGRA~1\CPCe36\SHALLO~1.TXT,E:\Trasects June 09\Deep Cres\Hole in the Wall\48 meters\HIW_158_W_U-1.jpg,45600,28680,0,45581.55,0,28658.92,TRUE,TRUE,#d8c28a
NA,Hole in the Wall,HIW_158_W_U-1,NA,HIW_158_W_U-1,HIW_158_W_U-1.jpg,/Users/ec/Documents/Data/PointCoralPackage/pointcoral/inst/extdata/HIW_158_W_U-1.jpg,80,34569,28533,45581.55,28658.92,3040,1912,2306,1904,S,S,Sand,Sand,subcategory,"SAND, PAVEMENT, RUBBLE (SPR)","SAND, PAVEMENT, RUBBLE (SPR)",8,NA,NA,Notes,/Users/ec/Documents/Data/PointCoralPackage/pointcoral/inst/extdata/HIW_158_W_U-1.cpc,C:\PROGRA~1\CPCe36\SHALLO~1.TXT,E:\Trasects June 09\Deep Cres\Hole in the Wall\48 meters\HIW_158_W_U-1.jpg,45600,28680,0,45581.55,0,28658.92,TRUE,TRUE,#d8c28a
NA,Hole in the Wall,HIW_158_W_U-1,NA,HIW_158_W_U-1,HIW_158_W_U-1.jpg,/Users/ec/Documents/Data/PointCoralPackage/pointcoral/inst/extdata/HIW_158_W_U-1.jpg,81,39734,2635,45581.55,28658.92,3040,1912,2650,176,CALG,CALG,Coralline algae,Coralline algae,subcategory,CORALLINE ALGAE (CA),CORALLINE ALGAE (CA),7,NA,NA,Notes,/Users/ec/Documents/Data/PointCoralPackage/pointcoral/inst/extdata/HIW_158_W_U-1.cpc,C:\PROGRA~1\CPCe36\SHALLO~1.TXT,E:\Trasects June 09\Deep Cres\Hole in the Wall\48 meters\HIW_158_W_U-1.jpg,45600,28680,0,45581.55,0,28658.92,TRUE,TRUE,#8b0000
NA,Hole in the Wall,HIW_158_W_U-1,NA,HIW_158_W_U-1,HIW_158_W_U-1.jpg,/Users/ec/Documents/Data/PointCoralPackage/pointcoral/inst/extdata/HIW_158_W_U-1.jpg,82,39725,3062,45581.55,28658.92,3040,1912,2649,204,CALG,CALG,Coralline algae,Coralline algae,subcategory,CORALLINE ALGAE (CA),CORALLINE ALGAE (CA),7,NA,NA,Notes,/Users/ec/Documents/Data/PointCoralPackage/pointcoral/inst/extdata/HIW_158_W_U-1.cpc,C:\PROGRA~1\CPCe36\SHALLO~1.TXT,E:\Trasects June 09\Deep Cres\Hole in the Wall\48 meters\HIW_158_W_U-1.jpg,45600,28680,0,45581.55,0,28658.92,TRUE,TRUE,#8b0000
NA,Hole in the Wall,HIW_158_W_U-1,NA,HIW_158_W_U-1,HIW_158_W_U-1.jpg,/Users/ec/Documents/Data/PointCoralPackage/pointcoral/inst/extdata/HIW_158_W_U-1.jpg,83,37990,6961,45581.55,28658.92,3040,1912,2534,464,LOBO,LOBO,Lobophora variegata,Lobophora variegata,subcategory,MACROALGAE (MA),MACROALGAE (MA),4,NA,NA,Notes,/Users/ec/Documents/Data/PointCoralPackage/pointcoral/inst/extdata/HIW_158_W_U-1.cpc,C:\PROGRA~1\CPCe36\SHALLO~1.TXT,E:\Trasects June 09\Deep Cres\Hole in the Wall\48 meters\HIW_158_W_U-1.jpg,45600,28680,0,45581.55,0,28658.92,TRUE,TRUE,#33cc66
NA,Hole in the Wall,HIW_158_W_U-1,NA,HIW_158_W_U-1,HIW_158_W_U-1.jpg,/Users/ec/Documents/Data/PointCoralPackage/pointcoral/inst/extdata/HIW_158_W_U-1.jpg,84,40639,10521,45581.55,28658.92,3040,1912,2710,702,SPO,SPO,Sponge,Sponge,subcategory,SPONGES (S),SPONGES (S),2,NA,NA,Notes,/Users/ec/Documents/Data/PointCoralPackage/pointcoral/inst/extdata/HIW_158_W_U-1.cpc,C:\PROGRA~1\CPCe36\SHALLO~1.TXT,E:\Trasects June 09\Deep Cres\Hole in the Wall\48 meters\HIW_158_W_U-1.jpg,45600,28680,0,45581.55,0,28658.92,TRUE,TRUE,#3399ff
NA,Hole in the Wall,HIW_158_W_U-1,NA,HIW_158_W_U-1,HIW_158_W_U-1.jpg,/Users/ec/Documents/Data/PointCoralPackage/pointcoral/inst/extdata/HIW_158_W_U-1.jpg,85,40083,11474,45581.55,28658.92,3040,1912,2673,765,SPO,SPO,Sponge,Sponge,subcategory,SPONGES (S),SPONGES (S),2,NA,NA,Notes,/Users/ec/Documents/Data/PointCoralPackage/pointcoral/inst/extdata/HIW_158_W_U-1.cpc,C:\PROGRA~1\CPCe36\SHALLO~1.TXT,E:\Trasects June 09\Deep Cres\Hole in the Wall\48 meters\HIW_158_W_U-1.jpg,45600,28680,0,45581.55,0,28658.92,TRUE,TRUE,#3399ff
NA,Hole in the Wall,HIW_158_W_U-1,NA,HIW_158_W_U-1,HIW_158_W_U-1.jpg,/Users/ec/Documents/Data/PointCoralPackage/pointcoral/inst/extdata/HIW_158_W_U-1.jpg,86,39509,15013,45581.55,28658.92,3040,1912,2635,1002,SPO,SPO,Sponge,Sponge,subcategory,SPONGES (S),SPONGES (S),2,NA,NA,Notes,/Users/ec/Documents/Data/PointCoralPackage/pointcoral/inst/extdata/HIW_158_W_U-1.cpc,C:\PROGRA~1\CPCe36\SHALLO~1.TXT,E:\Trasects June 09\Deep Cres\Hole in the Wall\48 meters\HIW_158_W_U-1.jpg,45600,28680,0,45581.55,0,28658.92,TRUE,TRUE,#3399ff
NA,Hole in the Wall,HIW_158_W_U-1,NA,HIW_158_W_U-1,HIW_158_W_U-1.jpg,/Users/ec/Documents/Data/PointCoralPackage/pointcoral/inst/extdata/HIW_158_W_U-1.jpg,87,40438,19617,45581.55,28658.92,3040,1912,2697,1309,SPO,SPO,Sponge,Sponge,subcategory,SPONGES (S),SPONGES (S),2,NA,NA,Notes,/Users/ec/Documents/Data/PointCoralPackage/pointcoral/inst/extdata/HIW_158_W_U-1.cpc,C:\PROGRA~1\CPCe36\SHALLO~1.TXT,E:\Trasects June 09\Deep Cres\Hole in the Wall\48 meters\HIW_158_W_U-1.jpg,45600,28680,0,45581.55,0,28658.92,TRUE,TRUE,#3399ff
NA,Hole in the Wall,HIW_158_W_U-1,NA,HIW_158_W_U-1,HIW_158_W_U-1.jpg,/Users/ec/Documents/Data/PointCoralPackage/pointcoral/inst/extdata/HIW_158_W_U-1.jpg,88,38593,22320,45581.55,28658.92,3040,1912,2574,1489,AA,AA,Agaricia,Agaricia,subcategory,CORAL (C),CORAL (C),0,NA,NA,Notes,/Users/ec/Documents/Data/PointCoralPackage/pointcoral/inst/extdata/HIW_158_W_U-1.cpc,C:\PROGRA~1\CPCe36\SHALLO~1.TXT,E:\Trasects June 09\Deep Cres\Hole in the Wall\48 meters\HIW_158_W_U-1.jpg,45600,28680,0,45581.55,0,28658.92,TRUE,TRUE,#ff4d4d
NA,Hole in the Wall,HIW_158_W_U-1,NA,HIW_158_W_U-1,HIW_158_W_U-1.jpg,/Users/ec/Documents/Data/PointCoralPackage/pointcoral/inst/extdata/HIW_158_W_U-1.jpg,89,38849,25421,45581.55,28658.92,3040,1912,2591,1696,AA,AA,Agaricia,Agaricia,subcategory,CORAL (C),CORAL (C),0,NA,NA,Notes,/Users/ec/Documents/Data/PointCoralPackage/pointcoral/inst/extdata/HIW_158_W_U-1.cpc,C:\PROGRA~1\CPCe36\SHALLO~1.TXT,E:\Trasects June 09\Deep Cres\Hole in the Wall\48 meters\HIW_158_W_U-1.jpg,45600,28680,0,45581.55,0,28658.92,TRUE,TRUE,#ff4d4d
NA,Hole in the Wall,HIW_158_W_U-1,NA,HIW_158_W_U-1,HIW_158_W_U-1.jpg,/Users/ec/Documents/Data/PointCoralPackage/pointcoral/inst/extdata/HIW_158_W_U-1.jpg,90,39986,27881,45581.55,28658.92,3040,1912,2667,1860,SPO,SPO,Sponge,Sponge,subcategory,SPONGES (S),SPONGES (S),2,NA,NA,Notes,/Users/ec/Documents/Data/PointCoralPackage/pointcoral/inst/extdata/HIW_158_W_U-1.cpc,C:\PROGRA~1\CPCe36\SHALLO~1.TXT,E:\Trasects June 09\Deep Cres\Hole in the Wall\48 meters\HIW_158_W_U-1.jpg,45600,28680,0,45581.55,0,28658.92,TRUE,TRUE,#3399ff
NA,Hole in the Wall,HIW_158_W_U-1,NA,HIW_158_W_U-1,HIW_158_W_U-1.jpg,/Users/ec/Documents/Data/PointCoralPackage/pointcoral/inst/extdata/HIW_158_W_U-1.jpg,91,41958,146,45581.55,28658.92,3040,1912,2798,10,CALG,CALG,Coralline algae,Coralline algae,subcategory,CORALLINE ALGAE (CA),CORALLINE ALGAE (CA),7,NA,NA,Notes,/Users/ec/Documents/Data/PointCoralPackage/pointcoral/inst/extdata/HIW_158_W_U-1.cpc,C:\PROGRA~1\CPCe36\SHALLO~1.TXT,E:\Trasects June 09\Deep Cres\Hole in the Wall\48 meters\HIW_158_W_U-1.jpg,45600,28680,0,45581.55,0,28658.92,TRUE,TRUE,#8b0000
NA,Hole in the Wall,HIW_158_W_U-1,NA,HIW_158_W_U-1,HIW_158_W_U-1.jpg,/Users/ec/Documents/Data/PointCoralPackage/pointcoral/inst/extdata/HIW_158_W_U-1.jpg,92,41208,4667,45581.55,28658.92,3040,1912,2748,311,LOBO,LOBO,Lobophora variegata,Lobophora variegata,subcategory,MACROALGAE (MA),MACROALGAE (MA),4,NA,NA,Notes,/Users/ec/Documents/Data/PointCoralPackage/pointcoral/inst/extdata/HIW_158_W_U-1.cpc,C:\PROGRA~1\CPCe36\SHALLO~1.TXT,E:\Trasects June 09\Deep Cres\Hole in the Wall\48 meters\HIW_158_W_U-1.jpg,45600,28680,0,45581.55,0,28658.92,TRUE,TRUE,#33cc66
NA,Hole in the Wall,HIW_158_W_U-1,NA,HIW_158_W_U-1,HIW_158_W_U-1.jpg,/Users/ec/Documents/Data/PointCoralPackage/pointcoral/inst/extdata/HIW_158_W_U-1.jpg,93,44593,6056,45581.55,28658.92,3040,1912,2974,404,S,S,Sand,Sand,subcategory,"SAND, PAVEMENT, RUBBLE (SPR)","SAND, PAVEMENT, RUBBLE (SPR)",8,NA,NA,Notes,/Users/ec/Documents/Data/PointCoralPackage/pointcoral/inst/extdata/HIW_158_W_U-1.cpc,C:\PROGRA~1\CPCe36\SHALLO~1.TXT,E:\Trasects June 09\Deep Cres\Hole in the Wall\48 meters\HIW_158_W_U-1.jpg,45600,28680,0,45581.55,0,28658.92,TRUE,TRUE,#d8c28a
NA,Hole in the Wall,HIW_158_W_U-1,NA,HIW_158_W_U-1,HIW_158_W_U-1.jpg,/Users/ec/Documents/Data/PointCoralPackage/pointcoral/inst/extdata/HIW_158_W_U-1.jpg,94,45483,10249,45581.55,28658.92,3040,1912,3033,684,CALG,CALG,Coralline algae,Coralline algae,subcategory,CORALLINE ALGAE (CA),CORALLINE ALGAE (CA),7,NA,NA,Notes,/Users/ec/Documents/Data/PointCoralPackage/pointcoral/inst/extdata/HIW_158_W_U-1.cpc,C:\PROGRA~1\CPCe36\SHALLO~1.TXT,E:\Trasects June 09\Deep Cres\Hole in the Wall\48 meters\HIW_158_W_U-1.jpg,45600,28680,0,45581.55,0,28658.92,TRUE,TRUE,#8b0000
NA,Hole in the Wall,HIW_158_W_U-1,NA,HIW_158_W_U-1,HIW_158_W_U-1.jpg,/Users/ec/Documents/Data/PointCoralPackage/pointcoral/inst/extdata/HIW_158_W_U-1.jpg,95,43013,13623,45581.55,28658.92,3040,1912,2869,909,SPO,SPO,Sponge,Sponge,subcategory,SPONGES (S),SPONGES (S),2,NA,NA,Notes,/Users/ec/Documents/Data/PointCoralPackage/pointcoral/inst/extdata/HIW_158_W_U-1.cpc,C:\PROGRA~1\CPCe36\SHALLO~1.TXT,E:\Trasects June 09\Deep Cres\Hole in the Wall\48 meters\HIW_158_W_U-1.jpg,45600,28680,0,45581.55,0,28658.92,TRUE,TRUE,#3399ff
NA,Hole in the Wall,HIW_158_W_U-1,NA,HIW_158_W_U-1,HIW_158_W_U-1.jpg,/Users/ec/Documents/Data/PointCoralPackage/pointcoral/inst/extdata/HIW_158_W_U-1.jpg,96,41621,17150,45581.55,28658.92,3040,1912,2776,1144,SPO,SPO,Sponge,Sponge,subcategory,SPONGES (S),SPONGES (S),2,NA,NA,Notes,/Users/ec/Documents/Data/PointCoralPackage/pointcoral/inst/extdata/HIW_158_W_U-1.cpc,C:\PROGRA~1\CPCe36\SHALLO~1.TXT,E:\Trasects June 09\Deep Cres\Hole in the Wall\48 meters\HIW_158_W_U-1.jpg,45600,28680,0,45581.55,0,28658.92,TRUE,TRUE,#3399ff
NA,Hole in the Wall,HIW_158_W_U-1,NA,HIW_158_W_U-1,HIW_158_W_U-1.jpg,/Users/ec/Documents/Data/PointCoralPackage/pointcoral/inst/extdata/HIW_158_W_U-1.jpg,97,43236,17405,45581.55,28658.92,3040,1912,2884,1161,SPO,SPO,Sponge,Sponge,subcategory,SPONGES (S),SPONGES (S),2,NA,NA,Notes,/Users/ec/Documents/Data/PointCoralPackage/pointcoral/inst/extdata/HIW_158_W_U-1.cpc,C:\PROGRA~1\CPCe36\SHALLO~1.TXT,E:\Trasects June 09\Deep Cres\Hole in the Wall\48 meters\HIW_158_W_U-1.jpg,45600,28680,0,45581.55,0,28658.92,TRUE,TRUE,#3399ff
NA,Hole in the Wall,HIW_158_W_U-1,NA,HIW_158_W_U-1,HIW_158_W_U-1.jpg,/Users/ec/Documents/Data/PointCoralPackage/pointcoral/inst/extdata/HIW_158_W_U-1.jpg,98,41369,20764,45581.55,28658.92,3040,1912,2759,1385,AA,AA,Agaricia,Agaricia,subcategory,CORAL (C),CORAL (C),0,NA,NA,Notes,/Users/ec/Documents/Data/PointCoralPackage/pointcoral/inst/extdata/HIW_158_W_U-1.cpc,C:\PROGRA~1\CPCe36\SHALLO~1.TXT,E:\Trasects June 09\Deep Cres\Hole in the Wall\48 meters\HIW_158_W_U-1.jpg,45600,28680,0,45581.55,0,28658.92,TRUE,TRUE,#ff4d4d
NA,Hole in the Wall,HIW_158_W_U-1,NA,HIW_158_W_U-1,HIW_158_W_U-1.jpg,/Users/ec/Documents/Data/PointCoralPackage/pointcoral/inst/extdata/HIW_158_W_U-1.jpg,99,42778,24073,45581.55,28658.92,3040,1912,2853,1606,SPO,SPO,Sponge,Sponge,subcategory,SPONGES (S),SPONGES (S),2,NA,NA,Notes,/Users/ec/Documents/Data/PointCoralPackage/pointcoral/inst/extdata/HIW_158_W_U-1.cpc,C:\PROGRA~1\CPCe36\SHALLO~1.TXT,E:\Trasects June 09\Deep Cres\Hole in the Wall\48 meters\HIW_158_W_U-1.jpg,45600,28680,0,45581.55,0,28658.92,TRUE,TRUE,#3399ff
NA,Hole in the Wall,HIW_158_W_U-1,NA,HIW_158_W_U-1,HIW_158_W_U-1.jpg,/Users/ec/Documents/Data/PointCoralPackage/pointcoral/inst/extdata/HIW_158_W_U-1.jpg,100,44193,26312,45581.55,28658.92,3040,1912,2947,1755,SPO,SPO,Sponge,Sponge,subcategory,SPONGES (S),SPONGES (S),2,NA,NA,Notes,/Users/ec/Documents/Data/PointCoralPackage/pointcoral/inst/extdata/HIW_158_W_U-1.cpc,C:\PROGRA~1\CPCe36\SHALLO~1.TXT,E:\Trasects June 09\Deep Cres\Hole in the Wall\48 meters\HIW_158_W_U-1.jpg,45600,28680,0,45581.55,0,28658.92,TRUE,TRUE,#3399ff
NA,Hoyo Terrace,H_211_E_U-1,NA,H_211_E_U-1,H_211_E_U-1.jpg,/Users/ec/Documents/Data/PointCoralPackage/pointcoral/inst/extdata/H_211_E_U-1.jpg,1,958,2229,45342.36,28733.86,3023,1917,64,149,CALG,CALG,Coralline algae,Coralline algae,subcategory,CORALLINE ALGAE (CA),CORALLINE ALGAE (CA),7,NA,NA,Notes,/Users/ec/Documents/Data/PointCoralPackage/pointcoral/inst/extdata/H_211_E_U-1.cpc,C:\PROGRA~1\CPCe36\SHALLO~1.TXT,E:\Trasects June 09\Deep Cres\Hoyo Terrace\67 meters\H_211_E_U-1.jpg,45345,28755,0,45342.36,0,28733.86,TRUE,TRUE,#8b0000
NA,Hoyo Terrace,H_211_E_U-1,NA,H_211_E_U-1,H_211_E_U-1.jpg,/Users/ec/Documents/Data/PointCoralPackage/pointcoral/inst/extdata/H_211_E_U-1.jpg,2,4175,4981,45342.36,28733.86,3023,1917,278,332,P,P,Pavement,Pavement,subcategory,"SAND, PAVEMENT, RUBBLE (SPR)","SAND, PAVEMENT, RUBBLE (SPR)",8,NA,NA,Notes,/Users/ec/Documents/Data/PointCoralPackage/pointcoral/inst/extdata/H_211_E_U-1.cpc,C:\PROGRA~1\CPCe36\SHALLO~1.TXT,E:\Trasects June 09\Deep Cres\Hoyo Terrace\67 meters\H_211_E_U-1.jpg,45345,28755,0,45342.36,0,28733.86,TRUE,TRUE,#d8c28a
NA,Hoyo Terrace,H_211_E_U-1,NA,H_211_E_U-1,H_211_E_U-1.jpg,/Users/ec/Documents/Data/PointCoralPackage/pointcoral/inst/extdata/H_211_E_U-1.jpg,3,2088,7854,45342.36,28733.86,3023,1917,139,524,CALG,CALG,Coralline algae,Coralline algae,subcategory,CORALLINE ALGAE (CA),CORALLINE ALGAE (CA),7,NA,NA,Notes,/Users/ec/Documents/Data/PointCoralPackage/pointcoral/inst/extdata/H_211_E_U-1.cpc,C:\PROGRA~1\CPCe36\SHALLO~1.TXT,E:\Trasects June 09\Deep Cres\Hoyo Terrace\67 meters\H_211_E_U-1.jpg,45345,28755,0,45342.36,0,28733.86,TRUE,TRUE,#8b0000
NA,Hoyo Terrace,H_211_E_U-1,NA,H_211_E_U-1,H_211_E_U-1.jpg,/Users/ec/Documents/Data/PointCoralPackage/pointcoral/inst/extdata/H_211_E_U-1.jpg,4,2430,11126,45342.36,28733.86,3023,1917,162,742,SPO,SPO,Sponge,Sponge,subcategory,SPONGES (S),SPONGES (S),2,NA,NA,Notes,/Users/ec/Documents/Data/PointCoralPackage/pointcoral/inst/extdata/H_211_E_U-1.cpc,C:\PROGRA~1\CPCe36\SHALLO~1.TXT,E:\Trasects June 09\Deep Cres\Hoyo Terrace\67 meters\H_211_E_U-1.jpg,45345,28755,0,45342.36,0,28733.86,TRUE,TRUE,#3399ff
NA,Hoyo Terrace,H_211_E_U-1,NA,H_211_E_U-1,H_211_E_U-1.jpg,/Users/ec/Documents/Data/PointCoralPackage/pointcoral/inst/extdata/H_211_E_U-1.jpg,5,3212,12119,45342.36,28733.86,3023,1917,214,809,SPO,SPO,Sponge,Sponge,subcategory,SPONGES (S),SPONGES (S),2,NA,NA,Notes,/Users/ec/Documents/Data/PointCoralPackage/pointcoral/inst/extdata/H_211_E_U-1.cpc,C:\PROGRA~1\CPCe36\SHALLO~1.TXT,E:\Trasects June 09\Deep Cres\Hoyo Terrace\67 meters\H_211_E_U-1.jpg,45345,28755,0,45342.36,0,28733.86,TRUE,TRUE,#3399ff
NA,Hoyo Terrace,H_211_E_U-1,NA,H_211_E_U-1,H_211_E_U-1.jpg,/Users/ec/Documents/Data/PointCoralPackage/pointcoral/inst/extdata/H_211_E_U-1.jpg,6,3950,15263,45342.36,28733.86,3023,1917,263,1018,SPO,SPO,Sponge,Sponge,subcategory,SPONGES (S),SPONGES (S),2,NA,NA,Notes,/Users/ec/Documents/Data/PointCoralPackage/pointcoral/inst/extdata/H_211_E_U-1.cpc,C:\PROGRA~1\CPCe36\SHALLO~1.TXT,E:\Trasects June 09\Deep Cres\Hoyo Terrace\67 meters\H_211_E_U-1.jpg,45345,28755,0,45342.36,0,28733.86,TRUE,TRUE,#3399ff
NA,Hoyo Terrace,H_211_E_U-1,NA,H_211_E_U-1,H_211_E_U-1.jpg,/Users/ec/Documents/Data/PointCoralPackage/pointcoral/inst/extdata/H_211_E_U-1.jpg,7,4022,17368,45342.36,28733.86,3023,1917,268,1159,SPO,SPO,Sponge,Sponge,subcategory,SPONGES (S),SPONGES (S),2,NA,NA,Notes,/Users/ec/Documents/Data/PointCoralPackage/pointcoral/inst/extdata/H_211_E_U-1.cpc,C:\PROGRA~1\CPCe36\SHALLO~1.TXT,E:\Trasects June 09\Deep Cres\Hoyo Terrace\67 meters\H_211_E_U-1.jpg,45345,28755,0,45342.36,0,28733.86,TRUE,TRUE,#3399ff
NA,Hoyo Terrace,H_211_E_U-1,NA,H_211_E_U-1,H_211_E_U-1.jpg,/Users/ec/Documents/Data/PointCoralPackage/pointcoral/inst/extdata/H_211_E_U-1.jpg,8,1955,20761,45342.36,28733.86,3023,1917,130,1385,S,S,Sand,Sand,subcategory,"SAND, PAVEMENT, RUBBLE (SPR)","SAND, PAVEMENT, RUBBLE (SPR)",8,NA,NA,Notes,/Users/ec/Documents/Data/PointCoralPackage/pointcoral/inst/extdata/H_211_E_U-1.cpc,C:\PROGRA~1\CPCe36\SHALLO~1.TXT,E:\Trasects June 09\Deep Cres\Hoyo Terrace\67 meters\H_211_E_U-1.jpg,45345,28755,0,45342.36,0,28733.86,TRUE,TRUE,#d8c28a
NA,Hoyo Terrace,H_211_E_U-1,NA,H_211_E_U-1,H_211_E_U-1.jpg,/Users/ec/Documents/Data/PointCoralPackage/pointcoral/inst/extdata/H_211_E_U-1.jpg,9,675,23429,45342.36,28733.86,3023,1917,45,1563,S,S,Sand,Sand,subcategory,"SAND, PAVEMENT, RUBBLE (SPR)","SAND, PAVEMENT, RUBBLE (SPR)",8,NA,NA,Notes,/Users/ec/Documents/Data/PointCoralPackage/pointcoral/inst/extdata/H_211_E_U-1.cpc,C:\PROGRA~1\CPCe36\SHALLO~1.TXT,E:\Trasects June 09\Deep Cres\Hoyo Terrace\67 meters\H_211_E_U-1.jpg,45345,28755,0,45342.36,0,28733.86,TRUE,TRUE,#d8c28a
NA,Hoyo Terrace,H_211_E_U-1,NA,H_211_E_U-1,H_211_E_U-1.jpg,/Users/ec/Documents/Data/PointCoralPackage/pointcoral/inst/extdata/H_211_E_U-1.jpg,10,1938,27060,45342.36,28733.86,3023,1917,129,1805,S,S,Sand,Sand,subcategory,"SAND, PAVEMENT, RUBBLE (SPR)","SAND, PAVEMENT, RUBBLE (SPR)",8,NA,NA,Notes,/Users/ec/Documents/Data/PointCoralPackage/pointcoral/inst/extdata/H_211_E_U-1.cpc,C:\PROGRA~1\CPCe36\SHALLO~1.TXT,E:\Trasects June 09\Deep Cres\Hoyo Terrace\67 meters\H_211_E_U-1.jpg,45345,28755,0,45342.36,0,28733.86,TRUE,TRUE,#d8c28a
NA,Hoyo Terrace,H_211_E_U-1,NA,H_211_E_U-1,H_211_E_U-1.jpg,/Users/ec/Documents/Data/PointCoralPackage/pointcoral/inst/extdata/H_211_E_U-1.jpg,11,5244,1538,45342.36,28733.86,3023,1917,350,103,CALG,CALG,Coralline algae,Coralline algae,subcategory,CORALLINE ALGAE (CA),CORALLINE ALGAE (CA),7,NA,NA,Notes,/Users/ec/Documents/Data/PointCoralPackage/pointcoral/inst/extdata/H_211_E_U-1.cpc,C:\PROGRA~1\CPCe36\SHALLO~1.TXT,E:\Trasects June 09\Deep Cres\Hoyo Terrace\67 meters\H_211_E_U-1.jpg,45345,28755,0,45342.36,0,28733.86,TRUE,TRUE,#8b0000
NA,Hoyo Terrace,H_211_E_U-1,NA,H_211_E_U-1,H_211_E_U-1.jpg,/Users/ec/Documents/Data/PointCoralPackage/pointcoral/inst/extdata/H_211_E_U-1.jpg,12,8937,3913,45342.36,28733.86,3023,1917,596,261,SPO,SPO,Sponge,Sponge,subcategory,SPONGES (S),SPONGES (S),2,NA,NA,Notes,/Users/ec/Documents/Data/PointCoralPackage/pointcoral/inst/extdata/H_211_E_U-1.cpc,C:\PROGRA~1\CPCe36\SHALLO~1.TXT,E:\Trasects June 09\Deep Cres\Hoyo Terrace\67 meters\H_211_E_U-1.jpg,45345,28755,0,45342.36,0,28733.86,TRUE,TRUE,#3399ff
NA,Hoyo Terrace,H_211_E_U-1,NA,H_211_E_U-1,H_211_E_U-1.jpg,/Users/ec/Documents/Data/PointCoralPackage/pointcoral/inst/extdata/H_211_E_U-1.jpg,13,5650,8609,45342.36,28733.86,3023,1917,377,574,P,P,Pavement,Pavement,subcategory,"SAND, PAVEMENT, RUBBLE (SPR)","SAND, PAVEMENT, RUBBLE (SPR)",8,NA,NA,Notes,/Users/ec/Documents/Data/PointCoralPackage/pointcoral/inst/extdata/H_211_E_U-1.cpc,C:\PROGRA~1\CPCe36\SHALLO~1.TXT,E:\Trasects June 09\Deep Cres\Hoyo Terrace\67 meters\H_211_E_U-1.jpg,45345,28755,0,45342.36,0,28733.86,TRUE,TRUE,#d8c28a
NA,Hoyo Terrace,H_211_E_U-1,NA,H_211_E_U-1,H_211_E_U-1.jpg,/Users/ec/Documents/Data/PointCoralPackage/pointcoral/inst/extdata/H_211_E_U-1.jpg,14,5667,11250,45342.36,28733.86,3023,1917,378,751,CALG,CALG,Coralline algae,Coralline algae,subcategory,CORALLINE ALGAE (CA),CORALLINE ALGAE (CA),7,NA,NA,Notes,/Users/ec/Documents/Data/PointCoralPackage/pointcoral/inst/extdata/H_211_E_U-1.cpc,C:\PROGRA~1\CPCe36\SHALLO~1.TXT,E:\Trasects June 09\Deep Cres\Hoyo Terrace\67 meters\H_211_E_U-1.jpg,45345,28755,0,45342.36,0,28733.86,TRUE,TRUE,#8b0000
NA,Hoyo Terrace,H_211_E_U-1,NA,H_211_E_U-1,H_211_E_U-1.jpg,/Users/ec/Documents/Data/PointCoralPackage/pointcoral/inst/extdata/H_211_E_U-1.jpg,15,6786,14280,45342.36,28733.86,3023,1917,452,953,P,P,Pavement,Pavement,subcategory,"SAND, PAVEMENT, RUBBLE (SPR)","SAND, PAVEMENT, RUBBLE (SPR)",8,NA,NA,Notes,/Users/ec/Documents/Data/PointCoralPackage/pointcoral/inst/extdata/H_211_E_U-1.cpc,C:\PROGRA~1\CPCe36\SHALLO~1.TXT,E:\Trasects June 09\Deep Cres\Hoyo Terrace\67 meters\H_211_E_U-1.jpg,45345,28755,0,45342.36,0,28733.86,TRUE,TRUE,#d8c28a
NA,Hoyo Terrace,H_211_E_U-1,NA,H_211_E_U-1,H_211_E_U-1.jpg,/Users/ec/Documents/Data/PointCoralPackage/pointcoral/inst/extdata/H_211_E_U-1.jpg,16,5118,15192,45342.36,28733.86,3023,1917,341,1014,SPO,SPO,Sponge,Sponge,subcategory,SPONGES (S),SPONGES (S),2,NA,NA,Notes,/Users/ec/Documents/Data/PointCoralPackage/pointcoral/inst/extdata/H_211_E_U-1.cpc,C:\PROGRA~1\CPCe36\SHALLO~1.TXT,E:\Trasects June 09\Deep Cres\Hoyo Terrace\67 meters\H_211_E_U-1.jpg,45345,28755,0,45342.36,0,28733.86,TRUE,TRUE,#3399ff
NA,Hoyo Terrace,H_211_E_U-1,NA,H_211_E_U-1,H_211_E_U-1.jpg,/Users/ec/Documents/Data/PointCoralPackage/pointcoral/inst/extdata/H_211_E_U-1.jpg,17,7987,19756,45342.36,28733.86,3023,1917,532,1318,MICR,MICR,Microdictyon,Microdictyon,subcategory,MACROALGAE (MA),MACROALGAE (MA),4,NA,NA,Notes,/Users/ec/Documents/Data/PointCoralPackage/pointcoral/inst/extdata/H_211_E_U-1.cpc,C:\PROGRA~1\CPCe36\SHALLO~1.TXT,E:\Trasects June 09\Deep Cres\Hoyo Terrace\67 meters\H_211_E_U-1.jpg,45345,28755,0,45342.36,0,28733.86,TRUE,TRUE,#33cc66
NA,Hoyo Terrace,H_211_E_U-1,NA,H_211_E_U-1,H_211_E_U-1.jpg,/Users/ec/Documents/Data/PointCoralPackage/pointcoral/inst/extdata/H_211_E_U-1.jpg,18,5103,21878,45342.36,28733.86,3023,1917,340,1460,S,S,Sand,Sand,subcategory,"SAND, PAVEMENT, RUBBLE (SPR)","SAND, PAVEMENT, RUBBLE (SPR)",8,NA,NA,Notes,/Users/ec/Documents/Data/PointCoralPackage/pointcoral/inst/extdata/H_211_E_U-1.cpc,C:\PROGRA~1\CPCe36\SHALLO~1.TXT,E:\Trasects June 09\Deep Cres\Hoyo Terrace\67 meters\H_211_E_U-1.jpg,45345,28755,0,45342.36,0,28733.86,TRUE,TRUE,#d8c28a
NA,Hoyo Terrace,H_211_E_U-1,NA,H_211_E_U-1,H_211_E_U-1.jpg,/Users/ec/Documents/Data/PointCoralPackage/pointcoral/inst/extdata/H_211_E_U-1.jpg,19,8612,23840,45342.36,28733.86,3023,1917,574,1591,MICR,MICR,Microdictyon,Microdictyon,subcategory,MACROALGAE (MA),MACROALGAE (MA),4,NA,NA,Notes,/Users/ec/Documents/Data/PointCoralPackage/pointcoral/inst/extdata/H_211_E_U-1.cpc,C:\PROGRA~1\CPCe36\SHALLO~1.TXT,E:\Trasects June 09\Deep Cres\Hoyo Terrace\67 meters\H_211_E_U-1.jpg,45345,28755,0,45342.36,0,28733.86,TRUE,TRUE,#33cc66
NA,Hoyo Terrace,H_211_E_U-1,NA,H_211_E_U-1,H_211_E_U-1.jpg,/Users/ec/Documents/Data/PointCoralPackage/pointcoral/inst/extdata/H_211_E_U-1.jpg,20,5603,26527,45342.36,28733.86,3023,1917,374,1770,S,S,Sand,Sand,subcategory,"SAND, PAVEMENT, RUBBLE (SPR)","SAND, PAVEMENT, RUBBLE (SPR)",8,NA,NA,Notes,/Users/ec/Documents/Data/PointCoralPackage/pointcoral/inst/extdata/H_211_E_U-1.cpc,C:\PROGRA~1\CPCe36\SHALLO~1.TXT,E:\Trasects June 09\Deep Cres\Hoyo Terrace\67 meters\H_211_E_U-1.jpg,45345,28755,0,45342.36,0,28733.86,TRUE,TRUE,#d8c28a
NA,Hoyo Terrace,H_211_E_U-1,NA,H_211_E_U-1,H_211_E_U-1.jpg,/Users/ec/Documents/Data/PointCoralPackage/pointcoral/inst/extdata/H_211_E_U-1.jpg,21,9624,2648,45342.36,28733.86,3023,1917,642,177,CALG,CALG,Coralline algae,Coralline algae,subcategory,CORALLINE ALGAE (CA),CORALLINE ALGAE (CA),7,NA,NA,Notes,/Users/ec/Documents/Data/PointCoralPackage/pointcoral/inst/extdata/H_211_E_U-1.cpc,C:\PROGRA~1\CPCe36\SHALLO~1.TXT,E:\Trasects June 09\Deep Cres\Hoyo Terrace\67 meters\H_211_E_U-1.jpg,45345,28755,0,45342.36,0,28733.86,TRUE,TRUE,#8b0000
NA,Hoyo Terrace,H_211_E_U-1,NA,H_211_E_U-1,H_211_E_U-1.jpg,/Users/ec/Documents/Data/PointCoralPackage/pointcoral/inst/extdata/H_211_E_U-1.jpg,22,12501,4152,45342.36,28733.86,3023,1917,833,277,CALG,CALG,Coralline algae,Coralline algae,subcategory,CORALLINE ALGAE (CA),CORALLINE ALGAE (CA),7,NA,NA,Notes,/Users/ec/Documents/Data/PointCoralPackage/pointcoral/inst/extdata/H_211_E_U-1.cpc,C:\PROGRA~1\CPCe36\SHALLO~1.TXT,E:\Trasects June 09\Deep Cres\Hoyo Terrace\67 meters\H_211_E_U-1.jpg,45345,28755,0,45342.36,0,28733.86,TRUE,TRUE,#8b0000
NA,Hoyo Terrace,H_211_E_U-1,NA,H_211_E_U-1,H_211_E_U-1.jpg,/Users/ec/Documents/Data/PointCoralPackage/pointcoral/inst/extdata/H_211_E_U-1.jpg,23,9734,7831,45342.36,28733.86,3023,1917,649,522,PEME,PEME,Peyssonnelia megasorus,Peyssonnelia megasorus,subcategory,PEYSSONNELIACEAE,PEYSSONNELIACEAE,5,NA,NA,Notes,/Users/ec/Documents/Data/PointCoralPackage/pointcoral/inst/extdata/H_211_E_U-1.cpc,C:\PROGRA~1\CPCe36\SHALLO~1.TXT,E:\Trasects June 09\Deep Cres\Hoyo Terrace\67 meters\H_211_E_U-1.jpg,45345,28755,0,45342.36,0,28733.86,TRUE,TRUE,#cc3366
NA,Hoyo Terrace,H_211_E_U-1,NA,H_211_E_U-1,H_211_E_U-1.jpg,/Users/ec/Documents/Data/PointCoralPackage/pointcoral/inst/extdata/H_211_E_U-1.jpg,24,11531,11337,45342.36,28733.86,3023,1917,769,756,SPO,SPO,Sponge,Sponge,subcategory,SPONGES (S),SPONGES (S),2,NA,NA,Notes,/Users/ec/Documents/Data/PointCoralPackage/pointcoral/inst/extdata/H_211_E_U-1.cpc,C:\PROGRA~1\CPCe36\SHALLO~1.TXT,E:\Trasects June 09\Deep Cres\Hoyo Terrace\67 meters\H_211_E_U-1.jpg,45345,28755,0,45342.36,0,28733.86,TRUE,TRUE,#3399ff
NA,Hoyo Terrace,H_211_E_U-1,NA,H_211_E_U-1,H_211_E_U-1.jpg,/Users/ec/Documents/Data/PointCoralPackage/pointcoral/inst/extdata/H_211_E_U-1.jpg,25,9554,11894,45342.36,28733.86,3023,1917,637,794,CALG,CALG,Coralline algae,Coralline algae,subcategory,CORALLINE ALGAE (CA),CORALLINE ALGAE (CA),7,NA,NA,Notes,/Users/ec/Documents/Data/PointCoralPackage/pointcoral/inst/extdata/H_211_E_U-1.cpc,C:\PROGRA~1\CPCe36\SHALLO~1.TXT,E:\Trasects June 09\Deep Cres\Hoyo Terrace\67 meters\H_211_E_U-1.jpg,45345,28755,0,45342.36,0,28733.86,TRUE,TRUE,#8b0000
NA,Hoyo Terrace,H_211_E_U-1,NA,H_211_E_U-1,H_211_E_U-1.jpg,/Users/ec/Documents/Data/PointCoralPackage/pointcoral/inst/extdata/H_211_E_U-1.jpg,26,11587,16311,45342.36,28733.86,3023,1917,773,1088,PEYS,PEYS,Peyssonnelia,Peyssonnelia,subcategory,PEYSSONNELIACEAE,PEYSSONNELIACEAE,5,NA,NA,Notes,/Users/ec/Documents/Data/PointCoralPackage/pointcoral/inst/extdata/H_211_E_U-1.cpc,C:\PROGRA~1\CPCe36\SHALLO~1.TXT,E:\Trasects June 09\Deep Cres\Hoyo Terrace\67 meters\H_211_E_U-1.jpg,45345,28755,0,45342.36,0,28733.86,TRUE,TRUE,#cc3366
NA,Hoyo Terrace,H_211_E_U-1,NA,H_211_E_U-1,H_211_E_U-1.jpg,/Users/ec/Documents/Data/PointCoralPackage/pointcoral/inst/extdata/H_211_E_U-1.jpg,27,11011,19066,45342.36,28733.86,3023,1917,734,1272,MFRN,MFRN,Orbicella franksi,Orbicella franksi,subcategory,CORAL (C),CORAL (C),0,NA,NA,Notes,/Users/ec/Documents/Data/PointCoralPackage/pointcoral/inst/extdata/H_211_E_U-1.cpc,C:\PROGRA~1\CPCe36\SHALLO~1.TXT,E:\Trasects June 09\Deep Cres\Hoyo Terrace\67 meters\H_211_E_U-1.jpg,45345,28755,0,45342.36,0,28733.86,TRUE,TRUE,#ff4d4d
NA,Hoyo Terrace,H_211_E_U-1,NA,H_211_E_U-1,H_211_E_U-1.jpg,/Users/ec/Documents/Data/PointCoralPackage/pointcoral/inst/extdata/H_211_E_U-1.jpg,28,12274,21066,45342.36,28733.86,3023,1917,818,1405,MICR,MICR,Microdictyon,Microdictyon,subcategory,MACROALGAE (MA),MACROALGAE (MA),4,NA,NA,Notes,/Users/ec/Documents/Data/PointCoralPackage/pointcoral/inst/extdata/H_211_E_U-1.cpc,C:\PROGRA~1\CPCe36\SHALLO~1.TXT,E:\Trasects June 09\Deep Cres\Hoyo Terrace\67 meters\H_211_E_U-1.jpg,45345,28755,0,45342.36,0,28733.86,TRUE,TRUE,#33cc66
NA,Hoyo Terrace,H_211_E_U-1,NA,H_211_E_U-1,H_211_E_U-1.jpg,/Users/ec/Documents/Data/PointCoralPackage/pointcoral/inst/extdata/H_211_E_U-1.jpg,29,12157,23289,45342.36,28733.86,3023,1917,811,1554,S,S,Sand,Sand,subcategory,"SAND, PAVEMENT, RUBBLE (SPR)","SAND, PAVEMENT, RUBBLE (SPR)",8,NA,NA,Notes,/Users/ec/Documents/Data/PointCoralPackage/pointcoral/inst/extdata/H_211_E_U-1.cpc,C:\PROGRA~1\CPCe36\SHALLO~1.TXT,E:\Trasects June 09\Deep Cres\Hoyo Terrace\67 meters\H_211_E_U-1.jpg,45345,28755,0,45342.36,0,28733.86,TRUE,TRUE,#d8c28a
NA,Hoyo Terrace,H_211_E_U-1,NA,H_211_E_U-1,H_211_E_U-1.jpg,/Users/ec/Documents/Data/PointCoralPackage/pointcoral/inst/extdata/H_211_E_U-1.jpg,30,9228,27053,45342.36,28733.86,3023,1917,615,1805,S,S,Sand,Sand,subcategory,"SAND, PAVEMENT, RUBBLE (SPR)","SAND, PAVEMENT, RUBBLE (SPR)",8,NA,NA,Notes,/Users/ec/Documents/Data/PointCoralPackage/pointcoral/inst/extdata/H_211_E_U-1.cpc,C:\PROGRA~1\CPCe36\SHALLO~1.TXT,E:\Trasects June 09\Deep Cres\Hoyo Terrace\67 meters\H_211_E_U-1.jpg,45345,28755,0,45342.36,0,28733.86,TRUE,TRUE,#d8c28a
NA,Hoyo Terrace,H_211_E_U-1,NA,H_211_E_U-1,H_211_E_U-1.jpg,/Users/ec/Documents/Data/PointCoralPackage/pointcoral/inst/extdata/H_211_E_U-1.jpg,31,17945,535,45342.36,28733.86,3023,1917,1196,36,MICR,MICR,Microdictyon,Microdictyon,subcategory,MACROALGAE (MA),MACROALGAE (MA),4,NA,NA,Notes,/Users/ec/Documents/Data/PointCoralPackage/pointcoral/inst/extdata/H_211_E_U-1.cpc,C:\PROGRA~1\CPCe36\SHALLO~1.TXT,E:\Trasects June 09\Deep Cres\Hoyo Terrace\67 meters\H_211_E_U-1.jpg,45345,28755,0,45342.36,0,28733.86,TRUE,TRUE,#33cc66
NA,Hoyo Terrace,H_211_E_U-1,NA,H_211_E_U-1,H_211_E_U-1.jpg,/Users/ec/Documents/Data/PointCoralPackage/pointcoral/inst/extdata/H_211_E_U-1.jpg,32,15597,4309,45342.36,28733.86,3023,1917,1040,287,MICR,MICR,Microdictyon,Microdictyon,subcategory,MACROALGAE (MA),MACROALGAE (MA),4,NA,NA,Notes,/Users/ec/Documents/Data/PointCoralPackage/pointcoral/inst/extdata/H_211_E_U-1.cpc,C:\PROGRA~1\CPCe36\SHALLO~1.TXT,E:\Trasects June 09\Deep Cres\Hoyo Terrace\67 meters\H_211_E_U-1.jpg,45345,28755,0,45342.36,0,28733.86,TRUE,TRUE,#33cc66
NA,Hoyo Terrace,H_211_E_U-1,NA,H_211_E_U-1,H_211_E_U-1.jpg,/Users/ec/Documents/Data/PointCoralPackage/pointcoral/inst/extdata/H_211_E_U-1.jpg,33,15028,6567,45342.36,28733.86,3023,1917,1002,438,PEYS,PEYS,Peyssonnelia,Peyssonnelia,subcategory,PEYSSONNELIACEAE,PEYSSONNELIACEAE,5,NA,NA,Notes,/Users/ec/Documents/Data/PointCoralPackage/pointcoral/inst/extdata/H_211_E_U-1.cpc,C:\PROGRA~1\CPCe36\SHALLO~1.TXT,E:\Trasects June 09\Deep Cres\Hoyo Terrace\67 meters\H_211_E_U-1.jpg,45345,28755,0,45342.36,0,28733.86,TRUE,TRUE,#cc3366
NA,Hoyo Terrace,H_211_E_U-1,NA,H_211_E_U-1,H_211_E_U-1.jpg,/Users/ec/Documents/Data/PointCoralPackage/pointcoral/inst/extdata/H_211_E_U-1.jpg,34,17579,9896,45342.36,28733.86,3023,1917,1172,660,SPO,SPO,Sponge,Sponge,subcategory,SPONGES (S),SPONGES (S),2,NA,NA,Notes,/Users/ec/Documents/Data/PointCoralPackage/pointcoral/inst/extdata/H_211_E_U-1.cpc,C:\PROGRA~1\CPCe36\SHALLO~1.TXT,E:\Trasects June 09\Deep Cres\Hoyo Terrace\67 meters\H_211_E_U-1.jpg,45345,28755,0,45342.36,0,28733.86,TRUE,TRUE,#3399ff
NA,Hoyo Terrace,H_211_E_U-1,NA,H_211_E_U-1,H_211_E_U-1.jpg,/Users/ec/Documents/Data/PointCoralPackage/pointcoral/inst/extdata/H_211_E_U-1.jpg,35,16015,12515,45342.36,28733.86,3023,1917,1068,835,SPO,SPO,Sponge,Sponge,subcategory,SPONGES (S),SPONGES (S),2,NA,NA,Notes,/Users/ec/Documents/Data/PointCoralPackage/pointcoral/inst/extdata/H_211_E_U-1.cpc,C:\PROGRA~1\CPCe36\SHALLO~1.TXT,E:\Trasects June 09\Deep Cres\Hoyo Terrace\67 meters\H_211_E_U-1.jpg,45345,28755,0,45342.36,0,28733.86,TRUE,TRUE,#3399ff
NA,Hoyo Terrace,H_211_E_U-1,NA,H_211_E_U-1,H_211_E_U-1.jpg,/Users/ec/Documents/Data/PointCoralPackage/pointcoral/inst/extdata/H_211_E_U-1.jpg,36,16505,16400,45342.36,28733.86,3023,1917,1100,1094,MFRN,MFRN,Orbicella franksi,Orbicella franksi,subcategory,CORAL (C),CORAL (C),0,NA,NA,Notes,/Users/ec/Documents/Data/PointCoralPackage/pointcoral/inst/extdata/H_211_E_U-1.cpc,C:\PROGRA~1\CPCe36\SHALLO~1.TXT,E:\Trasects June 09\Deep Cres\Hoyo Terrace\67 meters\H_211_E_U-1.jpg,45345,28755,0,45342.36,0,28733.86,TRUE,TRUE,#ff4d4d
NA,Hoyo Terrace,H_211_E_U-1,NA,H_211_E_U-1,H_211_E_U-1.jpg,/Users/ec/Documents/Data/PointCoralPackage/pointcoral/inst/extdata/H_211_E_U-1.jpg,37,14474,19174,45342.36,28733.86,3023,1917,965,1279,MFRN,MFRN,Orbicella franksi,Orbicella franksi,subcategory,CORAL (C),CORAL (C),0,NA,NA,Notes,/Users/ec/Documents/Data/PointCoralPackage/pointcoral/inst/extdata/H_211_E_U-1.cpc,C:\PROGRA~1\CPCe36\SHALLO~1.TXT,E:\Trasects June 09\Deep Cres\Hoyo Terrace\67 meters\H_211_E_U-1.jpg,45345,28755,0,45342.36,0,28733.86,TRUE,TRUE,#ff4d4d
NA,Hoyo Terrace,H_211_E_U-1,NA,H_211_E_U-1,H_211_E_U-1.jpg,/Users/ec/Documents/Data/PointCoralPackage/pointcoral/inst/extdata/H_211_E_U-1.jpg,38,16600,22621,45342.36,28733.86,3023,1917,1107,1509,S,S,Sand,Sand,subcategory,"SAND, PAVEMENT, RUBBLE (SPR)","SAND, PAVEMENT, RUBBLE (SPR)",8,NA,NA,Notes,/Users/ec/Documents/Data/PointCoralPackage/pointcoral/inst/extdata/H_211_E_U-1.cpc,C:\PROGRA~1\CPCe36\SHALLO~1.TXT,E:\Trasects June 09\Deep Cres\Hoyo Terrace\67 meters\H_211_E_U-1.jpg,45345,28755,0,45342.36,0,28733.86,TRUE,TRUE,#d8c28a
NA,Hoyo Terrace,H_211_E_U-1,NA,H_211_E_U-1,H_211_E_U-1.jpg,/Users/ec/Documents/Data/PointCoralPackage/pointcoral/inst/extdata/H_211_E_U-1.jpg,39,17894,23459,45342.36,28733.86,3023,1917,1193,1565,CALG,CALG,Coralline algae,Coralline algae,subcategory,CORALLINE ALGAE (CA),CORALLINE ALGAE (CA),7,NA,NA,Notes,/Users/ec/Documents/Data/PointCoralPackage/pointcoral/inst/extdata/H_211_E_U-1.cpc,C:\PROGRA~1\CPCe36\SHALLO~1.TXT,E:\Trasects June 09\Deep Cres\Hoyo Terrace\67 meters\H_211_E_U-1.jpg,45345,28755,0,45342.36,0,28733.86,TRUE,TRUE,#8b0000
NA,Hoyo Terrace,H_211_E_U-1,NA,H_211_E_U-1,H_211_E_U-1.jpg,/Users/ec/Documents/Data/PointCoralPackage/pointcoral/inst/extdata/H_211_E_U-1.jpg,40,17130,28218,45342.36,28733.86,3023,1917,1142,1883,S,S,Sand,Sand,subcategory,"SAND, PAVEMENT, RUBBLE (SPR)","SAND, PAVEMENT, RUBBLE (SPR)",8,NA,NA,Notes,/Users/ec/Documents/Data/PointCoralPackage/pointcoral/inst/extdata/H_211_E_U-1.cpc,C:\PROGRA~1\CPCe36\SHALLO~1.TXT,E:\Trasects June 09\Deep Cres\Hoyo Terrace\67 meters\H_211_E_U-1.jpg,45345,28755,0,45342.36,0,28733.86,TRUE,TRUE,#d8c28a
NA,Hoyo Terrace,H_211_E_U-1,NA,H_211_E_U-1,H_211_E_U-1.jpg,/Users/ec/Documents/Data/PointCoralPackage/pointcoral/inst/extdata/H_211_E_U-1.jpg,41,21752,2107,45342.36,28733.86,3023,1917,1450,141,S,S,Sand,Sand,subcategory,"SAND, PAVEMENT, RUBBLE (SPR)","SAND, PAVEMENT, RUBBLE (SPR)",8,NA,NA,Notes,/Users/ec/Documents/Data/PointCoralPackage/pointcoral/inst/extdata/H_211_E_U-1.cpc,C:\PROGRA~1\CPCe36\SHALLO~1.TXT,E:\Trasects June 09\Deep Cres\Hoyo Terrace\67 meters\H_211_E_U-1.jpg,45345,28755,0,45342.36,0,28733.86,TRUE,TRUE,#d8c28a
NA,Hoyo Terrace,H_211_E_U-1,NA,H_211_E_U-1,H_211_E_U-1.jpg,/Users/ec/Documents/Data/PointCoralPackage/pointcoral/inst/extdata/H_211_E_U-1.jpg,42,22470,4171,45342.36,28733.86,3023,1917,1498,278,S,S,Sand,Sand,subcategory,"SAND, PAVEMENT, RUBBLE (SPR)","SAND, PAVEMENT, RUBBLE (SPR)",8,NA,NA,Notes,/Users/ec/Documents/Data/PointCoralPackage/pointcoral/inst/extdata/H_211_E_U-1.cpc,C:\PROGRA~1\CPCe36\SHALLO~1.TXT,E:\Trasects June 09\Deep Cres\Hoyo Terrace\67 meters\H_211_E_U-1.jpg,45345,28755,0,45342.36,0,28733.86,TRUE,TRUE,#d8c28a
NA,Hoyo Terrace,H_211_E_U-1,NA,H_211_E_U-1,H_211_E_U-1.jpg,/Users/ec/Documents/Data/PointCoralPackage/pointcoral/inst/extdata/H_211_E_U-1.jpg,43,19956,7950,45342.36,28733.86,3023,1917,1330,530,S,S,Sand,Sand,subcategory,"SAND, PAVEMENT, RUBBLE (SPR)","SAND, PAVEMENT, RUBBLE (SPR)",8,NA,NA,Notes,/Users/ec/Documents/Data/PointCoralPackage/pointcoral/inst/extdata/H_211_E_U-1.cpc,C:\PROGRA~1\CPCe36\SHALLO~1.TXT,E:\Trasects June 09\Deep Cres\Hoyo Terrace\67 meters\H_211_E_U-1.jpg,45345,28755,0,45342.36,0,28733.86,TRUE,TRUE,#d8c28a
NA,Hoyo Terrace,H_211_E_U-1,NA,H_211_E_U-1,H_211_E_U-1.jpg,/Users/ec/Documents/Data/PointCoralPackage/pointcoral/inst/extdata/H_211_E_U-1.jpg,44,21437,9781,45342.36,28733.86,3023,1917,1429,653,MFRN,MFRN,Orbicella franksi,Orbicella franksi,subcategory,CORAL (C),CORAL (C),0,NA,NA,Notes,/Users/ec/Documents/Data/PointCoralPackage/pointcoral/inst/extdata/H_211_E_U-1.cpc,C:\PROGRA~1\CPCe36\SHALLO~1.TXT,E:\Trasects June 09\Deep Cres\Hoyo Terrace\67 meters\H_211_E_U-1.jpg,45345,28755,0,45342.36,0,28733.86,TRUE,TRUE,#ff4d4d
NA,Hoyo Terrace,H_211_E_U-1,NA,H_211_E_U-1,H_211_E_U-1.jpg,/Users/ec/Documents/Data/PointCoralPackage/pointcoral/inst/extdata/H_211_E_U-1.jpg,45,22051,14163,45342.36,28733.86,3023,1917,1470,945,S,S,Sand,Sand,subcategory,"SAND, PAVEMENT, RUBBLE (SPR)","SAND, PAVEMENT, RUBBLE (SPR)",8,NA,NA,Notes,/Users/ec/Documents/Data/PointCoralPackage/pointcoral/inst/extdata/H_211_E_U-1.cpc,C:\PROGRA~1\CPCe36\SHALLO~1.TXT,E:\Trasects June 09\Deep Cres\Hoyo Terrace\67 meters\H_211_E_U-1.jpg,45345,28755,0,45342.36,0,28733.86,TRUE,TRUE,#d8c28a
NA,Hoyo Terrace,H_211_E_U-1,NA,H_211_E_U-1,H_211_E_U-1.jpg,/Users/ec/Documents/Data/PointCoralPackage/pointcoral/inst/extdata/H_211_E_U-1.jpg,46,22079,15800,45342.36,28733.86,3023,1917,1472,1054,S,S,Sand,Sand,subcategory,"SAND, PAVEMENT, RUBBLE (SPR)","SAND, PAVEMENT, RUBBLE (SPR)",8,NA,NA,Notes,/Users/ec/Documents/Data/PointCoralPackage/pointcoral/inst/extdata/H_211_E_U-1.cpc,C:\PROGRA~1\CPCe36\SHALLO~1.TXT,E:\Trasects June 09\Deep Cres\Hoyo Terrace\67 meters\H_211_E_U-1.jpg,45345,28755,0,45342.36,0,28733.86,TRUE,TRUE,#d8c28a
NA,Hoyo Terrace,H_211_E_U-1,NA,H_211_E_U-1,H_211_E_U-1.jpg,/Users/ec/Documents/Data/PointCoralPackage/pointcoral/inst/extdata/H_211_E_U-1.jpg,47,20945,18408,45342.36,28733.86,3023,1917,1396,1228,S,S,Sand,Sand,subcategory,"SAND, PAVEMENT, RUBBLE (SPR)","SAND, PAVEMENT, RUBBLE (SPR)",8,NA,NA,Notes,/Users/ec/Documents/Data/PointCoralPackage/pointcoral/inst/extdata/H_211_E_U-1.cpc,C:\PROGRA~1\CPCe36\SHALLO~1.TXT,E:\Trasects June 09\Deep Cres\Hoyo Terrace\67 meters\H_211_E_U-1.jpg,45345,28755,0,45342.36,0,28733.86,TRUE,TRUE,#d8c28a
NA,Hoyo Terrace,H_211_E_U-1,NA,H_211_E_U-1,H_211_E_U-1.jpg,/Users/ec/Documents/Data/PointCoralPackage/pointcoral/inst/extdata/H_211_E_U-1.jpg,48,18354,20593,45342.36,28733.86,3023,1917,1224,1374,MICR,MICR,Microdictyon,Microdictyon,subcategory,MACROALGAE (MA),MACROALGAE (MA),4,NA,NA,Notes,/Users/ec/Documents/Data/PointCoralPackage/pointcoral/inst/extdata/H_211_E_U-1.cpc,C:\PROGRA~1\CPCe36\SHALLO~1.TXT,E:\Trasects June 09\Deep Cres\Hoyo Terrace\67 meters\H_211_E_U-1.jpg,45345,28755,0,45342.36,0,28733.86,TRUE,TRUE,#33cc66
NA,Hoyo Terrace,H_211_E_U-1,NA,H_211_E_U-1,H_211_E_U-1.jpg,/Users/ec/Documents/Data/PointCoralPackage/pointcoral/inst/extdata/H_211_E_U-1.jpg,49,22425,24895,45342.36,28733.86,3023,1917,1495,1661,CALG,CALG,Coralline algae,Coralline algae,subcategory,CORALLINE ALGAE (CA),CORALLINE ALGAE (CA),7,NA,NA,Notes,/Users/ec/Documents/Data/PointCoralPackage/pointcoral/inst/extdata/H_211_E_U-1.cpc,C:\PROGRA~1\CPCe36\SHALLO~1.TXT,E:\Trasects June 09\Deep Cres\Hoyo Terrace\67 meters\H_211_E_U-1.jpg,45345,28755,0,45342.36,0,28733.86,TRUE,TRUE,#8b0000
NA,Hoyo Terrace,H_211_E_U-1,NA,H_211_E_U-1,H_211_E_U-1.jpg,/Users/ec/Documents/Data/PointCoralPackage/pointcoral/inst/extdata/H_211_E_U-1.jpg,50,18405,28664,45342.36,28733.86,3023,1917,1227,1912,S,S,Sand,Sand,subcategory,"SAND, PAVEMENT, RUBBLE (SPR)","SAND, PAVEMENT, RUBBLE (SPR)",8,NA,NA,Notes,/Users/ec/Documents/Data/PointCoralPackage/pointcoral/inst/extdata/H_211_E_U-1.cpc,C:\PROGRA~1\CPCe36\SHALLO~1.TXT,E:\Trasects June 09\Deep Cres\Hoyo Terrace\67 meters\H_211_E_U-1.jpg,45345,28755,0,45342.36,0,28733.86,TRUE,TRUE,#d8c28a
NA,Hoyo Terrace,H_211_E_U-1,NA,H_211_E_U-1,H_211_E_U-1.jpg,/Users/ec/Documents/Data/PointCoralPackage/pointcoral/inst/extdata/H_211_E_U-1.jpg,51,26504,671,45342.36,28733.86,3023,1917,1767,45,S,S,Sand,Sand,subcategory,"SAND, PAVEMENT, RUBBLE (SPR)","SAND, PAVEMENT, RUBBLE (SPR)",8,NA,NA,Notes,/Users/ec/Documents/Data/PointCoralPackage/pointcoral/inst/extdata/H_211_E_U-1.cpc,C:\PROGRA~1\CPCe36\SHALLO~1.TXT,E:\Trasects June 09\Deep Cres\Hoyo Terrace\67 meters\H_211_E_U-1.jpg,45345,28755,0,45342.36,0,28733.86,TRUE,TRUE,#d8c28a
NA,Hoyo Terrace,H_211_E_U-1,NA,H_211_E_U-1,H_211_E_U-1.jpg,/Users/ec/Documents/Data/PointCoralPackage/pointcoral/inst/extdata/H_211_E_U-1.jpg,52,26829,5612,45342.36,28733.86,3023,1917,1789,374,CALG,CALG,Coralline algae,Coralline algae,subcategory,CORALLINE ALGAE (CA),CORALLINE ALGAE (CA),7,NA,NA,Notes,/Users/ec/Documents/Data/PointCoralPackage/pointcoral/inst/extdata/H_211_E_U-1.cpc,C:\PROGRA~1\CPCe36\SHALLO~1.TXT,E:\Trasects June 09\Deep Cres\Hoyo Terrace\67 meters\H_211_E_U-1.jpg,45345,28755,0,45342.36,0,28733.86,TRUE,TRUE,#8b0000
NA,Hoyo Terrace,H_211_E_U-1,NA,H_211_E_U-1,H_211_E_U-1.jpg,/Users/ec/Documents/Data/PointCoralPackage/pointcoral/inst/extdata/H_211_E_U-1.jpg,53,23386,7037,45342.36,28733.86,3023,1917,1559,469,PEGI,PEGI,Peyssonnelia gigaspora,Peyssonnelia gigaspora,subcategory,PEYSSONNELIACEAE,PEYSSONNELIACEAE,5,NA,NA,Notes,/Users/ec/Documents/Data/PointCoralPackage/pointcoral/inst/extdata/H_211_E_U-1.cpc,C:\PROGRA~1\CPCe36\SHALLO~1.TXT,E:\Trasects June 09\Deep Cres\Hoyo Terrace\67 meters\H_211_E_U-1.jpg,45345,28755,0,45342.36,0,28733.86,TRUE,TRUE,#cc3366
NA,Hoyo Terrace,H_211_E_U-1,NA,H_211_E_U-1,H_211_E_U-1.jpg,/Users/ec/Documents/Data/PointCoralPackage/pointcoral/inst/extdata/H_211_E_U-1.jpg,54,26889,10423,45342.36,28733.86,3023,1917,1793,695,CALG,CALG,Coralline algae,Coralline algae,subcategory,CORALLINE ALGAE (CA),CORALLINE ALGAE (CA),7,NA,NA,Notes,/Users/ec/Documents/Data/PointCoralPackage/pointcoral/inst/extdata/H_211_E_U-1.cpc,C:\PROGRA~1\CPCe36\SHALLO~1.TXT,E:\Trasects June 09\Deep Cres\Hoyo Terrace\67 meters\H_211_E_U-1.jpg,45345,28755,0,45342.36,0,28733.86,TRUE,TRUE,#8b0000
NA,Hoyo Terrace,H_211_E_U-1,NA,H_211_E_U-1,H_211_E_U-1.jpg,/Users/ec/Documents/Data/PointCoralPackage/pointcoral/inst/extdata/H_211_E_U-1.jpg,55,26386,13145,45342.36,28733.86,3023,1917,1759,877,CALG,CALG,Coralline algae,Coralline algae,subcategory,CORALLINE ALGAE (CA),CORALLINE ALGAE (CA),7,NA,NA,Notes,/Users/ec/Documents/Data/PointCoralPackage/pointcoral/inst/extdata/H_211_E_U-1.cpc,C:\PROGRA~1\CPCe36\SHALLO~1.TXT,E:\Trasects June 09\Deep Cres\Hoyo Terrace\67 meters\H_211_E_U-1.jpg,45345,28755,0,45342.36,0,28733.86,TRUE,TRUE,#8b0000
NA,Hoyo Terrace,H_211_E_U-1,NA,H_211_E_U-1,H_211_E_U-1.jpg,/Users/ec/Documents/Data/PointCoralPackage/pointcoral/inst/extdata/H_211_E_U-1.jpg,56,25913,15875,45342.36,28733.86,3023,1917,1728,1059,S,S,Sand,Sand,subcategory,"SAND, PAVEMENT, RUBBLE (SPR)","SAND, PAVEMENT, RUBBLE (SPR)",8,NA,NA,Notes,/Users/ec/Documents/Data/PointCoralPackage/pointcoral/inst/extdata/H_211_E_U-1.cpc,C:\PROGRA~1\CPCe36\SHALLO~1.TXT,E:\Trasects June 09\Deep Cres\Hoyo Terrace\67 meters\H_211_E_U-1.jpg,45345,28755,0,45342.36,0,28733.86,TRUE,TRUE,#d8c28a
NA,Hoyo Terrace,H_211_E_U-1,NA,H_211_E_U-1,H_211_E_U-1.jpg,/Users/ec/Documents/Data/PointCoralPackage/pointcoral/inst/extdata/H_211_E_U-1.jpg,57,25285,18457,45342.36,28733.86,3023,1917,1686,1231,S,S,Sand,Sand,subcategory,"SAND, PAVEMENT, RUBBLE (SPR)","SAND, PAVEMENT, RUBBLE (SPR)",8,NA,NA,Notes,/Users/ec/Documents/Data/PointCoralPackage/pointcoral/inst/extdata/H_211_E_U-1.cpc,C:\PROGRA~1\CPCe36\SHALLO~1.TXT,E:\Trasects June 09\Deep Cres\Hoyo Terrace\67 meters\H_211_E_U-1.jpg,45345,28755,0,45342.36,0,28733.86,TRUE,TRUE,#d8c28a
NA,Hoyo Terrace,H_211_E_U-1,NA,H_211_E_U-1,H_211_E_U-1.jpg,/Users/ec/Documents/Data/PointCoralPackage/pointcoral/inst/extdata/H_211_E_U-1.jpg,58,25433,20142,45342.36,28733.86,3023,1917,1696,1344,S,S,Sand,Sand,subcategory,"SAND, PAVEMENT, RUBBLE (SPR)","SAND, PAVEMENT, RUBBLE (SPR)",8,NA,NA,Notes,/Users/ec/Documents/Data/PointCoralPackage/pointcoral/inst/extdata/H_211_E_U-1.cpc,C:\PROGRA~1\CPCe36\SHALLO~1.TXT,E:\Trasects June 09\Deep Cres\Hoyo Terrace\67 meters\H_211_E_U-1.jpg,45345,28755,0,45342.36,0,28733.86,TRUE,TRUE,#d8c28a
NA,Hoyo Terrace,H_211_E_U-1,NA,H_211_E_U-1,H_211_E_U-1.jpg,/Users/ec/Documents/Data/PointCoralPackage/pointcoral/inst/extdata/H_211_E_U-1.jpg,59,24711,23899,45342.36,28733.86,3023,1917,1647,1594,S,S,Sand,Sand,subcategory,"SAND, PAVEMENT, RUBBLE (SPR)","SAND, PAVEMENT, RUBBLE (SPR)",8,NA,NA,Notes,/Users/ec/Documents/Data/PointCoralPackage/pointcoral/inst/extdata/H_211_E_U-1.cpc,C:\PROGRA~1\CPCe36\SHALLO~1.TXT,E:\Trasects June 09\Deep Cres\Hoyo Terrace\67 meters\H_211_E_U-1.jpg,45345,28755,0,45342.36,0,28733.86,TRUE,TRUE,#d8c28a
NA,Hoyo Terrace,H_211_E_U-1,NA,H_211_E_U-1,H_211_E_U-1.jpg,/Users/ec/Documents/Data/PointCoralPackage/pointcoral/inst/extdata/H_211_E_U-1.jpg,60,24269,28459,45342.36,28733.86,3023,1917,1618,1899,CALG,CALG,Coralline algae,Coralline algae,subcategory,CORALLINE ALGAE (CA),CORALLINE ALGAE (CA),7,NA,NA,Notes,/Users/ec/Documents/Data/PointCoralPackage/pointcoral/inst/extdata/H_211_E_U-1.cpc,C:\PROGRA~1\CPCe36\SHALLO~1.TXT,E:\Trasects June 09\Deep Cres\Hoyo Terrace\67 meters\H_211_E_U-1.jpg,45345,28755,0,45342.36,0,28733.86,TRUE,TRUE,#8b0000
NA,Hoyo Terrace,H_211_E_U-1,NA,H_211_E_U-1,H_211_E_U-1.jpg,/Users/ec/Documents/Data/PointCoralPackage/pointcoral/inst/extdata/H_211_E_U-1.jpg,61,29259,2073,45342.36,28733.86,3023,1917,1951,138,S,S,Sand,Sand,subcategory,"SAND, PAVEMENT, RUBBLE (SPR)","SAND, PAVEMENT, RUBBLE (SPR)",8,NA,NA,Notes,/Users/ec/Documents/Data/PointCoralPackage/pointcoral/inst/extdata/H_211_E_U-1.cpc,C:\PROGRA~1\CPCe36\SHALLO~1.TXT,E:\Trasects June 09\Deep Cres\Hoyo Terrace\67 meters\H_211_E_U-1.jpg,45345,28755,0,45342.36,0,28733.86,TRUE,TRUE,#d8c28a
NA,Hoyo Terrace,H_211_E_U-1,NA,H_211_E_U-1,H_211_E_U-1.jpg,/Users/ec/Documents/Data/PointCoralPackage/pointcoral/inst/extdata/H_211_E_U-1.jpg,62,27858,4951,45342.36,28733.86,3023,1917,1857,330,S,S,Sand,Sand,subcategory,"SAND, PAVEMENT, RUBBLE (SPR)","SAND, PAVEMENT, RUBBLE (SPR)",8,NA,NA,Notes,/Users/ec/Documents/Data/PointCoralPackage/pointcoral/inst/extdata/H_211_E_U-1.cpc,C:\PROGRA~1\CPCe36\SHALLO~1.TXT,E:\Trasects June 09\Deep Cres\Hoyo Terrace\67 meters\H_211_E_U-1.jpg,45345,28755,0,45342.36,0,28733.86,TRUE,TRUE,#d8c28a
NA,Hoyo Terrace,H_211_E_U-1,NA,H_211_E_U-1,H_211_E_U-1.jpg,/Users/ec/Documents/Data/PointCoralPackage/pointcoral/inst/extdata/H_211_E_U-1.jpg,63,27629,7526,45342.36,28733.86,3023,1917,1842,502,PEGI,PEGI,Peyssonnelia gigaspora,Peyssonnelia gigaspora,subcategory,PEYSSONNELIACEAE,PEYSSONNELIACEAE,5,NA,NA,Notes,/Users/ec/Documents/Data/PointCoralPackage/pointcoral/inst/extdata/H_211_E_U-1.cpc,C:\PROGRA~1\CPCe36\SHALLO~1.TXT,E:\Trasects June 09\Deep Cres\Hoyo Terrace\67 meters\H_211_E_U-1.jpg,45345,28755,0,45342.36,0,28733.86,TRUE,TRUE,#cc3366
NA,Hoyo Terrace,H_211_E_U-1,NA,H_211_E_U-1,H_211_E_U-1.jpg,/Users/ec/Documents/Data/PointCoralPackage/pointcoral/inst/extdata/H_211_E_U-1.jpg,64,31567,8872,45342.36,28733.86,3023,1917,2105,592,LOBO,LOBO,Lobophora variegata,Lobophora variegata,subcategory,MACROALGAE (MA),MACROALGAE (MA),4,NA,NA,Notes,/Users/ec/Documents/Data/PointCoralPackage/pointcoral/inst/extdata/H_211_E_U-1.cpc,C:\PROGRA~1\CPCe36\SHALLO~1.TXT,E:\Trasects June 09\Deep Cres\Hoyo Terrace\67 meters\H_211_E_U-1.jpg,45345,28755,0,45342.36,0,28733.86,TRUE,TRUE,#33cc66
NA,Hoyo Terrace,H_211_E_U-1,NA,H_211_E_U-1,H_211_E_U-1.jpg,/Users/ec/Documents/Data/PointCoralPackage/pointcoral/inst/extdata/H_211_E_U-1.jpg,65,31091,11818,45342.36,28733.86,3023,1917,2073,788,MME,MME,Meandrina meandrites,Meandrina meandrites,subcategory,CORAL (C),CORAL (C),0,NA,NA,Notes,/Users/ec/Documents/Data/PointCoralPackage/pointcoral/inst/extdata/H_211_E_U-1.cpc,C:\PROGRA~1\CPCe36\SHALLO~1.TXT,E:\Trasects June 09\Deep Cres\Hoyo Terrace\67 meters\H_211_E_U-1.jpg,45345,28755,0,45342.36,0,28733.86,TRUE,TRUE,#ff4d4d
NA,Hoyo Terrace,H_211_E_U-1,NA,H_211_E_U-1,H_211_E_U-1.jpg,/Users/ec/Documents/Data/PointCoralPackage/pointcoral/inst/extdata/H_211_E_U-1.jpg,66,29909,14556,45342.36,28733.86,3023,1917,1994,971,SPO,SPO,Sponge,Sponge,subcategory,SPONGES (S),SPONGES (S),2,NA,NA,Notes,/Users/ec/Documents/Data/PointCoralPackage/pointcoral/inst/extdata/H_211_E_U-1.cpc,C:\PROGRA~1\CPCe36\SHALLO~1.TXT,E:\Trasects June 09\Deep Cres\Hoyo Terrace\67 meters\H_211_E_U-1.jpg,45345,28755,0,45342.36,0,28733.86,TRUE,TRUE,#3399ff
NA,Hoyo Terrace,H_211_E_U-1,NA,H_211_E_U-1,H_211_E_U-1.jpg,/Users/ec/Documents/Data/PointCoralPackage/pointcoral/inst/extdata/H_211_E_U-1.jpg,67,30410,19696,45342.36,28733.86,3023,1917,2027,1314,S,S,Sand,Sand,subcategory,"SAND, PAVEMENT, RUBBLE (SPR)","SAND, PAVEMENT, RUBBLE (SPR)",8,NA,NA,Notes,/Users/ec/Documents/Data/PointCoralPackage/pointcoral/inst/extdata/H_211_E_U-1.cpc,C:\PROGRA~1\CPCe36\SHALLO~1.TXT,E:\Trasects June 09\Deep Cres\Hoyo Terrace\67 meters\H_211_E_U-1.jpg,45345,28755,0,45342.36,0,28733.86,TRUE,TRUE,#d8c28a
NA,Hoyo Terrace,H_211_E_U-1,NA,H_211_E_U-1,H_211_E_U-1.jpg,/Users/ec/Documents/Data/PointCoralPackage/pointcoral/inst/extdata/H_211_E_U-1.jpg,68,28204,20704,45342.36,28733.86,3023,1917,1880,1381,S,S,Sand,Sand,subcategory,"SAND, PAVEMENT, RUBBLE (SPR)","SAND, PAVEMENT, RUBBLE (SPR)",8,NA,NA,Notes,/Users/ec/Documents/Data/PointCoralPackage/pointcoral/inst/extdata/H_211_E_U-1.cpc,C:\PROGRA~1\CPCe36\SHALLO~1.TXT,E:\Trasects June 09\Deep Cres\Hoyo Terrace\67 meters\H_211_E_U-1.jpg,45345,28755,0,45342.36,0,28733.86,TRUE,TRUE,#d8c28a
NA,Hoyo Terrace,H_211_E_U-1,NA,H_211_E_U-1,H_211_E_U-1.jpg,/Users/ec/Documents/Data/PointCoralPackage/pointcoral/inst/extdata/H_211_E_U-1.jpg,69,31156,24881,45342.36,28733.86,3023,1917,2077,1660,S,S,Sand,Sand,subcategory,"SAND, PAVEMENT, RUBBLE (SPR)","SAND, PAVEMENT, RUBBLE (SPR)",8,NA,NA,Notes,/Users/ec/Documents/Data/PointCoralPackage/pointcoral/inst/extdata/H_211_E_U-1.cpc,C:\PROGRA~1\CPCe36\SHALLO~1.TXT,E:\Trasects June 09\Deep Cres\Hoyo Terrace\67 meters\H_211_E_U-1.jpg,45345,28755,0,45342.36,0,28733.86,TRUE,TRUE,#d8c28a
NA,Hoyo Terrace,H_211_E_U-1,NA,H_211_E_U-1,H_211_E_U-1.jpg,/Users/ec/Documents/Data/PointCoralPackage/pointcoral/inst/extdata/H_211_E_U-1.jpg,70,30450,27883,45342.36,28733.86,3023,1917,2030,1860,S,S,Sand,Sand,subcategory,"SAND, PAVEMENT, RUBBLE (SPR)","SAND, PAVEMENT, RUBBLE (SPR)",8,NA,NA,Notes,/Users/ec/Documents/Data/PointCoralPackage/pointcoral/inst/extdata/H_211_E_U-1.cpc,C:\PROGRA~1\CPCe36\SHALLO~1.TXT,E:\Trasects June 09\Deep Cres\Hoyo Terrace\67 meters\H_211_E_U-1.jpg,45345,28755,0,45342.36,0,28733.86,TRUE,TRUE,#d8c28a
NA,Hoyo Terrace,H_211_E_U-1,NA,H_211_E_U-1,H_211_E_U-1.jpg,/Users/ec/Documents/Data/PointCoralPackage/pointcoral/inst/extdata/H_211_E_U-1.jpg,71,35538,318,45342.36,28733.86,3023,1917,2369,21,S,S,Sand,Sand,subcategory,"SAND, PAVEMENT, RUBBLE (SPR)","SAND, PAVEMENT, RUBBLE (SPR)",8,NA,NA,Notes,/Users/ec/Documents/Data/PointCoralPackage/pointcoral/inst/extdata/H_211_E_U-1.cpc,C:\PROGRA~1\CPCe36\SHALLO~1.TXT,E:\Trasects June 09\Deep Cres\Hoyo Terrace\67 meters\H_211_E_U-1.jpg,45345,28755,0,45342.36,0,28733.86,TRUE,TRUE,#d8c28a
NA,Hoyo Terrace,H_211_E_U-1,NA,H_211_E_U-1,H_211_E_U-1.jpg,/Users/ec/Documents/Data/PointCoralPackage/pointcoral/inst/extdata/H_211_E_U-1.jpg,72,32008,4429,45342.36,28733.86,3023,1917,2134,295,S,S,Sand,Sand,subcategory,"SAND, PAVEMENT, RUBBLE (SPR)","SAND, PAVEMENT, RUBBLE (SPR)",8,NA,NA,Notes,/Users/ec/Documents/Data/PointCoralPackage/pointcoral/inst/extdata/H_211_E_U-1.cpc,C:\PROGRA~1\CPCe36\SHALLO~1.TXT,E:\Trasects June 09\Deep Cres\Hoyo Terrace\67 meters\H_211_E_U-1.jpg,45345,28755,0,45342.36,0,28733.86,TRUE,TRUE,#d8c28a
NA,Hoyo Terrace,H_211_E_U-1,NA,H_211_E_U-1,H_211_E_U-1.jpg,/Users/ec/Documents/Data/PointCoralPackage/pointcoral/inst/extdata/H_211_E_U-1.jpg,73,35692,7706,45342.36,28733.86,3023,1917,2380,514,SPO,SPO,Sponge,Sponge,subcategory,SPONGES (S),SPONGES (S),2,NA,NA,Notes,/Users/ec/Documents/Data/PointCoralPackage/pointcoral/inst/extdata/H_211_E_U-1.cpc,C:\PROGRA~1\CPCe36\SHALLO~1.TXT,E:\Trasects June 09\Deep Cres\Hoyo Terrace\67 meters\H_211_E_U-1.jpg,45345,28755,0,45342.36,0,28733.86,TRUE,TRUE,#3399ff
NA,Hoyo Terrace,H_211_E_U-1,NA,H_211_E_U-1,H_211_E_U-1.jpg,/Users/ec/Documents/Data/PointCoralPackage/pointcoral/inst/extdata/H_211_E_U-1.jpg,74,33822,8978,45342.36,28733.86,3023,1917,2255,599,S,S,Sand,Sand,subcategory,"SAND, PAVEMENT, RUBBLE (SPR)","SAND, PAVEMENT, RUBBLE (SPR)",8,NA,NA,Notes,/Users/ec/Documents/Data/PointCoralPackage/pointcoral/inst/extdata/H_211_E_U-1.cpc,C:\PROGRA~1\CPCe36\SHALLO~1.TXT,E:\Trasects June 09\Deep Cres\Hoyo Terrace\67 meters\H_211_E_U-1.jpg,45345,28755,0,45342.36,0,28733.86,TRUE,TRUE,#d8c28a
NA,Hoyo Terrace,H_211_E_U-1,NA,H_211_E_U-1,H_211_E_U-1.jpg,/Users/ec/Documents/Data/PointCoralPackage/pointcoral/inst/extdata/H_211_E_U-1.jpg,75,33247,11867,45342.36,28733.86,3023,1917,2217,792,S,S,Sand,Sand,subcategory,"SAND, PAVEMENT, RUBBLE (SPR)","SAND, PAVEMENT, RUBBLE (SPR)",8,NA,NA,Notes,/Users/ec/Documents/Data/PointCoralPackage/pointcoral/inst/extdata/H_211_E_U-1.cpc,C:\PROGRA~1\CPCe36\SHALLO~1.TXT,E:\Trasects June 09\Deep Cres\Hoyo Terrace\67 meters\H_211_E_U-1.jpg,45345,28755,0,45342.36,0,28733.86,TRUE,TRUE,#d8c28a
NA,Hoyo Terrace,H_211_E_U-1,NA,H_211_E_U-1,H_211_E_U-1.jpg,/Users/ec/Documents/Data/PointCoralPackage/pointcoral/inst/extdata/H_211_E_U-1.jpg,76,33157,16573,45342.36,28733.86,3023,1917,2211,1106,S,S,Sand,Sand,subcategory,"SAND, PAVEMENT, RUBBLE (SPR)","SAND, PAVEMENT, RUBBLE (SPR)",8,NA,NA,Notes,/Users/ec/Documents/Data/PointCoralPackage/pointcoral/inst/extdata/H_211_E_U-1.cpc,C:\PROGRA~1\CPCe36\SHALLO~1.TXT,E:\Trasects June 09\Deep Cres\Hoyo Terrace\67 meters\H_211_E_U-1.jpg,45345,28755,0,45342.36,0,28733.86,TRUE,TRUE,#d8c28a
NA,Hoyo Terrace,H_211_E_U-1,NA,H_211_E_U-1,H_211_E_U-1.jpg,/Users/ec/Documents/Data/PointCoralPackage/pointcoral/inst/extdata/H_211_E_U-1.jpg,77,33656,19989,45342.36,28733.86,3023,1917,2244,1334,P,P,Pavement,Pavement,subcategory,"SAND, PAVEMENT, RUBBLE (SPR)","SAND, PAVEMENT, RUBBLE (SPR)",8,NA,NA,Notes,/Users/ec/Documents/Data/PointCoralPackage/pointcoral/inst/extdata/H_211_E_U-1.cpc,C:\PROGRA~1\CPCe36\SHALLO~1.TXT,E:\Trasects June 09\Deep Cres\Hoyo Terrace\67 meters\H_211_E_U-1.jpg,45345,28755,0,45342.36,0,28733.86,TRUE,TRUE,#d8c28a
NA,Hoyo Terrace,H_211_E_U-1,NA,H_211_E_U-1,H_211_E_U-1.jpg,/Users/ec/Documents/Data/PointCoralPackage/pointcoral/inst/extdata/H_211_E_U-1.jpg,78,31889,20384,45342.36,28733.86,3023,1917,2126,1360,P,P,Pavement,Pavement,subcategory,"SAND, PAVEMENT, RUBBLE (SPR)","SAND, PAVEMENT, RUBBLE (SPR)",8,NA,NA,Notes,/Users/ec/Documents/Data/PointCoralPackage/pointcoral/inst/extdata/H_211_E_U-1.cpc,C:\PROGRA~1\CPCe36\SHALLO~1.TXT,E:\Trasects June 09\Deep Cres\Hoyo Terrace\67 meters\H_211_E_U-1.jpg,45345,28755,0,45342.36,0,28733.86,TRUE,TRUE,#d8c28a
NA,Hoyo Terrace,H_211_E_U-1,NA,H_211_E_U-1,H_211_E_U-1.jpg,/Users/ec/Documents/Data/PointCoralPackage/pointcoral/inst/extdata/H_211_E_U-1.jpg,79,35902,25219,45342.36,28733.86,3023,1917,2394,1683,S,S,Sand,Sand,subcategory,"SAND, PAVEMENT, RUBBLE (SPR)","SAND, PAVEMENT, RUBBLE (SPR)",8,NA,NA,Notes,/Users/ec/Documents/Data/PointCoralPackage/pointcoral/inst/extdata/H_211_E_U-1.cpc,C:\PROGRA~1\CPCe36\SHALLO~1.TXT,E:\Trasects June 09\Deep Cres\Hoyo Terrace\67 meters\H_211_E_U-1.jpg,45345,28755,0,45342.36,0,28733.86,TRUE,TRUE,#d8c28a
NA,Hoyo Terrace,H_211_E_U-1,NA,H_211_E_U-1,H_211_E_U-1.jpg,/Users/ec/Documents/Data/PointCoralPackage/pointcoral/inst/extdata/H_211_E_U-1.jpg,80,34506,25930,45342.36,28733.86,3023,1917,2301,1730,S,S,Sand,Sand,subcategory,"SAND, PAVEMENT, RUBBLE (SPR)","SAND, PAVEMENT, RUBBLE (SPR)",8,NA,NA,Notes,/Users/ec/Documents/Data/PointCoralPackage/pointcoral/inst/extdata/H_211_E_U-1.cpc,C:\PROGRA~1\CPCe36\SHALLO~1.TXT,E:\Trasects June 09\Deep Cres\Hoyo Terrace\67 meters\H_211_E_U-1.jpg,45345,28755,0,45342.36,0,28733.86,TRUE,TRUE,#d8c28a
NA,Hoyo Terrace,H_211_E_U-1,NA,H_211_E_U-1,H_211_E_U-1.jpg,/Users/ec/Documents/Data/PointCoralPackage/pointcoral/inst/extdata/H_211_E_U-1.jpg,81,40325,368,45342.36,28733.86,3023,1917,2688,25,S,S,Sand,Sand,subcategory,"SAND, PAVEMENT, RUBBLE (SPR)","SAND, PAVEMENT, RUBBLE (SPR)",8,NA,NA,Notes,/Users/ec/Documents/Data/PointCoralPackage/pointcoral/inst/extdata/H_211_E_U-1.cpc,C:\PROGRA~1\CPCe36\SHALLO~1.TXT,E:\Trasects June 09\Deep Cres\Hoyo Terrace\67 meters\H_211_E_U-1.jpg,45345,28755,0,45342.36,0,28733.86,TRUE,TRUE,#d8c28a
NA,Hoyo Terrace,H_211_E_U-1,NA,H_211_E_U-1,H_211_E_U-1.jpg,/Users/ec/Documents/Data/PointCoralPackage/pointcoral/inst/extdata/H_211_E_U-1.jpg,82,37715,5713,45342.36,28733.86,3023,1917,2514,381,SPO,SPO,Sponge,Sponge,subcategory,SPONGES (S),SPONGES (S),2,NA,NA,Notes,/Users/ec/Documents/Data/PointCoralPackage/pointcoral/inst/extdata/H_211_E_U-1.cpc,C:\PROGRA~1\CPCe36\SHALLO~1.TXT,E:\Trasects June 09\Deep Cres\Hoyo Terrace\67 meters\H_211_E_U-1.jpg,45345,28755,0,45342.36,0,28733.86,TRUE,TRUE,#3399ff
NA,Hoyo Terrace,H_211_E_U-1,NA,H_211_E_U-1,H_211_E_U-1.jpg,/Users/ec/Documents/Data/PointCoralPackage/pointcoral/inst/extdata/H_211_E_U-1.jpg,83,40155,8205,45342.36,28733.86,3023,1917,2677,547,S,S,Sand,Sand,subcategory,"SAND, PAVEMENT, RUBBLE (SPR)","SAND, PAVEMENT, RUBBLE (SPR)",8,NA,NA,Notes,/Users/ec/Documents/Data/PointCoralPackage/pointcoral/inst/extdata/H_211_E_U-1.cpc,C:\PROGRA~1\CPCe36\SHALLO~1.TXT,E:\Trasects June 09\Deep Cres\Hoyo Terrace\67 meters\H_211_E_U-1.jpg,45345,28755,0,45342.36,0,28733.86,TRUE,TRUE,#d8c28a
NA,Hoyo Terrace,H_211_E_U-1,NA,H_211_E_U-1,H_211_E_U-1.jpg,/Users/ec/Documents/Data/PointCoralPackage/pointcoral/inst/extdata/H_211_E_U-1.jpg,84,36951,10730,45342.36,28733.86,3023,1917,2464,716,S,S,Sand,Sand,subcategory,"SAND, PAVEMENT, RUBBLE (SPR)","SAND, PAVEMENT, RUBBLE (SPR)",8,NA,NA,Notes,/Users/ec/Documents/Data/PointCoralPackage/pointcoral/inst/extdata/H_211_E_U-1.cpc,C:\PROGRA~1\CPCe36\SHALLO~1.TXT,E:\Trasects June 09\Deep Cres\Hoyo Terrace\67 meters\H_211_E_U-1.jpg,45345,28755,0,45342.36,0,28733.86,TRUE,TRUE,#d8c28a
NA,Hoyo Terrace,H_211_E_U-1,NA,H_211_E_U-1,H_211_E_U-1.jpg,/Users/ec/Documents/Data/PointCoralPackage/pointcoral/inst/extdata/H_211_E_U-1.jpg,85,38457,12416,45342.36,28733.86,3023,1917,2564,828,S,S,Sand,Sand,subcategory,"SAND, PAVEMENT, RUBBLE (SPR)","SAND, PAVEMENT, RUBBLE (SPR)",8,NA,NA,Notes,/Users/ec/Documents/Data/PointCoralPackage/pointcoral/inst/extdata/H_211_E_U-1.cpc,C:\PROGRA~1\CPCe36\SHALLO~1.TXT,E:\Trasects June 09\Deep Cres\Hoyo Terrace\67 meters\H_211_E_U-1.jpg,45345,28755,0,45342.36,0,28733.86,TRUE,TRUE,#d8c28a
NA,Hoyo Terrace,H_211_E_U-1,NA,H_211_E_U-1,H_211_E_U-1.jpg,/Users/ec/Documents/Data/PointCoralPackage/pointcoral/inst/extdata/H_211_E_U-1.jpg,86,37261,15928,45342.36,28733.86,3023,1917,2484,1063,P,P,Pavement,Pavement,subcategory,"SAND, PAVEMENT, RUBBLE (SPR)","SAND, PAVEMENT, RUBBLE (SPR)",8,NA,NA,Notes,/Users/ec/Documents/Data/PointCoralPackage/pointcoral/inst/extdata/H_211_E_U-1.cpc,C:\PROGRA~1\CPCe36\SHALLO~1.TXT,E:\Trasects June 09\Deep Cres\Hoyo Terrace\67 meters\H_211_E_U-1.jpg,45345,28755,0,45342.36,0,28733.86,TRUE,TRUE,#d8c28a
NA,Hoyo Terrace,H_211_E_U-1,NA,H_211_E_U-1,H_211_E_U-1.jpg,/Users/ec/Documents/Data/PointCoralPackage/pointcoral/inst/extdata/H_211_E_U-1.jpg,87,39510,18123,45342.36,28733.86,3023,1917,2634,1209,P,P,Pavement,Pavement,subcategory,"SAND, PAVEMENT, RUBBLE (SPR)","SAND, PAVEMENT, RUBBLE (SPR)",8,NA,NA,Notes,/Users/ec/Documents/Data/PointCoralPackage/pointcoral/inst/extdata/H_211_E_U-1.cpc,C:\PROGRA~1\CPCe36\SHALLO~1.TXT,E:\Trasects June 09\Deep Cres\Hoyo Terrace\67 meters\H_211_E_U-1.jpg,45345,28755,0,45342.36,0,28733.86,TRUE,TRUE,#d8c28a
NA,Hoyo Terrace,H_211_E_U-1,NA,H_211_E_U-1,H_211_E_U-1.jpg,/Users/ec/Documents/Data/PointCoralPackage/pointcoral/inst/extdata/H_211_E_U-1.jpg,88,39336,21134,45342.36,28733.86,3023,1917,2623,1410,SPO,SPO,Sponge,Sponge,subcategory,SPONGES (S),SPONGES (S),2,NA,NA,Notes,/Users/ec/Documents/Data/PointCoralPackage/pointcoral/inst/extdata/H_211_E_U-1.cpc,C:\PROGRA~1\CPCe36\SHALLO~1.TXT,E:\Trasects June 09\Deep Cres\Hoyo Terrace\67 meters\H_211_E_U-1.jpg,45345,28755,0,45342.36,0,28733.86,TRUE,TRUE,#3399ff
NA,Hoyo Terrace,H_211_E_U-1,NA,H_211_E_U-1,H_211_E_U-1.jpg,/Users/ec/Documents/Data/PointCoralPackage/pointcoral/inst/extdata/H_211_E_U-1.jpg,89,37637,24620,45342.36,28733.86,3023,1917,2509,1643,S,S,Sand,Sand,subcategory,"SAND, PAVEMENT, RUBBLE (SPR)","SAND, PAVEMENT, RUBBLE (SPR)",8,NA,NA,Notes,/Users/ec/Documents/Data/PointCoralPackage/pointcoral/inst/extdata/H_211_E_U-1.cpc,C:\PROGRA~1\CPCe36\SHALLO~1.TXT,E:\Trasects June 09\Deep Cres\Hoyo Terrace\67 meters\H_211_E_U-1.jpg,45345,28755,0,45342.36,0,28733.86,TRUE,TRUE,#d8c28a
NA,Hoyo Terrace,H_211_E_U-1,NA,H_211_E_U-1,H_211_E_U-1.jpg,/Users/ec/Documents/Data/PointCoralPackage/pointcoral/inst/extdata/H_211_E_U-1.jpg,90,37112,27129,45342.36,28733.86,3023,1917,2474,1810,SPO,SPO,Sponge,Sponge,subcategory,SPONGES (S),SPONGES (S),2,NA,NA,Notes,/Users/ec/Documents/Data/PointCoralPackage/pointcoral/inst/extdata/H_211_E_U-1.cpc,C:\PROGRA~1\CPCe36\SHALLO~1.TXT,E:\Trasects June 09\Deep Cres\Hoyo Terrace\67 meters\H_211_E_U-1.jpg,45345,28755,0,45342.36,0,28733.86,TRUE,TRUE,#3399ff
NA,Hoyo Terrace,H_211_E_U-1,NA,H_211_E_U-1,H_211_E_U-1.jpg,/Users/ec/Documents/Data/PointCoralPackage/pointcoral/inst/extdata/H_211_E_U-1.jpg,91,45113,1935,45342.36,28733.86,3023,1917,3008,129,S,S,Sand,Sand,subcategory,"SAND, PAVEMENT, RUBBLE (SPR)","SAND, PAVEMENT, RUBBLE (SPR)",8,NA,NA,Notes,/Users/ec/Documents/Data/PointCoralPackage/pointcoral/inst/extdata/H_211_E_U-1.cpc,C:\PROGRA~1\CPCe36\SHALLO~1.TXT,E:\Trasects June 09\Deep Cres\Hoyo Terrace\67 meters\H_211_E_U-1.jpg,45345,28755,0,45342.36,0,28733.86,TRUE,TRUE,#d8c28a
NA,Hoyo Terrace,H_211_E_U-1,NA,H_211_E_U-1,H_211_E_U-1.jpg,/Users/ec/Documents/Data/PointCoralPackage/pointcoral/inst/extdata/H_211_E_U-1.jpg,92,42793,3672,45342.36,28733.86,3023,1917,2853,245,S,S,Sand,Sand,subcategory,"SAND, PAVEMENT, RUBBLE (SPR)","SAND, PAVEMENT, RUBBLE (SPR)",8,NA,NA,Notes,/Users/ec/Documents/Data/PointCoralPackage/pointcoral/inst/extdata/H_211_E_U-1.cpc,C:\PROGRA~1\CPCe36\SHALLO~1.TXT,E:\Trasects June 09\Deep Cres\Hoyo Terrace\67 meters\H_211_E_U-1.jpg,45345,28755,0,45342.36,0,28733.86,TRUE,TRUE,#d8c28a
NA,Hoyo Terrace,H_211_E_U-1,NA,H_211_E_U-1,H_211_E_U-1.jpg,/Users/ec/Documents/Data/PointCoralPackage/pointcoral/inst/extdata/H_211_E_U-1.jpg,93,41907,8377,45342.36,28733.86,3023,1917,2794,559,S,S,Sand,Sand,subcategory,"SAND, PAVEMENT, RUBBLE (SPR)","SAND, PAVEMENT, RUBBLE (SPR)",8,NA,NA,Notes,/Users/ec/Documents/Data/PointCoralPackage/pointcoral/inst/extdata/H_211_E_U-1.cpc,C:\PROGRA~1\CPCe36\SHALLO~1.TXT,E:\Trasects June 09\Deep Cres\Hoyo Terrace\67 meters\H_211_E_U-1.jpg,45345,28755,0,45342.36,0,28733.86,TRUE,TRUE,#d8c28a
NA,Hoyo Terrace,H_211_E_U-1,NA,H_211_E_U-1,H_211_E_U-1.jpg,/Users/ec/Documents/Data/PointCoralPackage/pointcoral/inst/extdata/H_211_E_U-1.jpg,94,44335,10018,45342.36,28733.86,3023,1917,2956,668,S,S,Sand,Sand,subcategory,"SAND, PAVEMENT, RUBBLE (SPR)","SAND, PAVEMENT, RUBBLE (SPR)",8,NA,NA,Notes,/Users/ec/Documents/Data/PointCoralPackage/pointcoral/inst/extdata/H_211_E_U-1.cpc,C:\PROGRA~1\CPCe36\SHALLO~1.TXT,E:\Trasects June 09\Deep Cres\Hoyo Terrace\67 meters\H_211_E_U-1.jpg,45345,28755,0,45342.36,0,28733.86,TRUE,TRUE,#d8c28a
NA,Hoyo Terrace,H_211_E_U-1,NA,H_211_E_U-1,H_211_E_U-1.jpg,/Users/ec/Documents/Data/PointCoralPackage/pointcoral/inst/extdata/H_211_E_U-1.jpg,95,44518,14069,45342.36,28733.86,3023,1917,2968,939,SPO,SPO,Sponge,Sponge,subcategory,SPONGES (S),SPONGES (S),2,NA,NA,Notes,/Users/ec/Documents/Data/PointCoralPackage/pointcoral/inst/extdata/H_211_E_U-1.cpc,C:\PROGRA~1\CPCe36\SHALLO~1.TXT,E:\Trasects June 09\Deep Cres\Hoyo Terrace\67 meters\H_211_E_U-1.jpg,45345,28755,0,45342.36,0,28733.86,TRUE,TRUE,#3399ff
NA,Hoyo Terrace,H_211_E_U-1,NA,H_211_E_U-1,H_211_E_U-1.jpg,/Users/ec/Documents/Data/PointCoralPackage/pointcoral/inst/extdata/H_211_E_U-1.jpg,96,42465,15133,45342.36,28733.86,3023,1917,2831,1010,SPO,SPO,Sponge,Sponge,subcategory,SPONGES (S),SPONGES (S),2,NA,NA,Notes,/Users/ec/Documents/Data/PointCoralPackage/pointcoral/inst/extdata/H_211_E_U-1.cpc,C:\PROGRA~1\CPCe36\SHALLO~1.TXT,E:\Trasects June 09\Deep Cres\Hoyo Terrace\67 meters\H_211_E_U-1.jpg,45345,28755,0,45342.36,0,28733.86,TRUE,TRUE,#3399ff
NA,Hoyo Terrace,H_211_E_U-1,NA,H_211_E_U-1,H_211_E_U-1.jpg,/Users/ec/Documents/Data/PointCoralPackage/pointcoral/inst/extdata/H_211_E_U-1.jpg,97,42228,18174,45342.36,28733.86,3023,1917,2815,1212,SPO,SPO,Sponge,Sponge,subcategory,SPONGES (S),SPONGES (S),2,NA,NA,Notes,/Users/ec/Documents/Data/PointCoralPackage/pointcoral/inst/extdata/H_211_E_U-1.cpc,C:\PROGRA~1\CPCe36\SHALLO~1.TXT,E:\Trasects June 09\Deep Cres\Hoyo Terrace\67 meters\H_211_E_U-1.jpg,45345,28755,0,45342.36,0,28733.86,TRUE,TRUE,#3399ff
NA,Hoyo Terrace,H_211_E_U-1,NA,H_211_E_U-1,H_211_E_U-1.jpg,/Users/ec/Documents/Data/PointCoralPackage/pointcoral/inst/extdata/H_211_E_U-1.jpg,98,41989,20300,45342.36,28733.86,3023,1917,2799,1354,PEYS,PEYS,Peyssonnelia,Peyssonnelia,subcategory,PEYSSONNELIACEAE,PEYSSONNELIACEAE,5,NA,NA,Notes,/Users/ec/Documents/Data/PointCoralPackage/pointcoral/inst/extdata/H_211_E_U-1.cpc,C:\PROGRA~1\CPCe36\SHALLO~1.TXT,E:\Trasects June 09\Deep Cres\Hoyo Terrace\67 meters\H_211_E_U-1.jpg,45345,28755,0,45342.36,0,28733.86,TRUE,TRUE,#cc3366
NA,Hoyo Terrace,H_211_E_U-1,NA,H_211_E_U-1,H_211_E_U-1.jpg,/Users/ec/Documents/Data/PointCoralPackage/pointcoral/inst/extdata/H_211_E_U-1.jpg,99,40955,25521,45342.36,28733.86,3023,1917,2730,1703,PEYS,PEYS,Peyssonnelia,Peyssonnelia,subcategory,PEYSSONNELIACEAE,PEYSSONNELIACEAE,5,NA,NA,Notes,/Users/ec/Documents/Data/PointCoralPackage/pointcoral/inst/extdata/H_211_E_U-1.cpc,C:\PROGRA~1\CPCe36\SHALLO~1.TXT,E:\Trasects June 09\Deep Cres\Hoyo Terrace\67 meters\H_211_E_U-1.jpg,45345,28755,0,45342.36,0,28733.86,TRUE,TRUE,#cc3366
NA,Hoyo Terrace,H_211_E_U-1,NA,H_211_E_U-1,H_211_E_U-1.jpg,/Users/ec/Documents/Data/PointCoralPackage/pointcoral/inst/extdata/H_211_E_U-1.jpg,100,43775,26326,45342.36,28733.86,3023,1917,2919,1756,S,S,Sand,Sand,subcategory,"SAND, PAVEMENT, RUBBLE (SPR)","SAND, PAVEMENT, RUBBLE (SPR)",8,NA,NA,Notes,/Users/ec/Documents/Data/PointCoralPackage/pointcoral/inst/extdata/H_211_E_U-1.cpc,C:\PROGRA~1\CPCe36\SHALLO~1.TXT,E:\Trasects June 09\Deep Cres\Hoyo Terrace\67 meters\H_211_E_U-1.jpg,45345,28755,0,45342.36,0,28733.86,TRUE,TRUE,#d8c28a
